pair_id,type_candidate,conversation_id,speaker_A,claim_A,challenge,claim_B,label,notes
m051,motte_bailey,t3_208uz9,KerSan,"Because elections *aren't* ignored. The politician can only retain his position if he responds to voters, so the interests of the voters and the politicians align. The reason it's the same lot but with a different veil is because *that's what gets elected*. What you are seeing is the logical consequence of giving people what they ask for. The issue you have, which I understand and sympathize with, is that voters keep asking for low taxes but a great many social services. They also demand that their politicians express clear opinions on the moral issues of the day. The point I am making is that the alternative is worse. If the people want change in an authoritarian country, they have to start bloody insurgencies. Would you rather a circus every four years or periodic revolution like in North Africa and Central Asia?","And yet all change that I see is only for the worst in the UK. Nobody I know likes the austerity (saying a lot, being middle class private school), the Tories, Five Eyes (most don't care though, TBH) or the coalition, and yet the coalition continue making policies which only alienate many potential voters from them. I honestly couldn't tell you why, I have no clue, but it's clear that they're certainly not doing it for the votes. Democracies can cause as much harm as authoritarians. One of the things that is the cornerstone of my belief in monarchy though is that people simply won't be deluded into thinking there is even an iota of compassion for human life in our government. The last time I remember them doing something most people wanted was not bombing Syria, or whatever that exact issue was. If one really wanted to fix our democratic system, then one would either need a really compassionate, hard working PM and loyal party (which a monarch could easily provide) who would have to compete to stay in place, or a violent revolution with the aim of reforming the entire system. Otherwise, I see no end to lying, ambitious, corrupt politicians doing things that benefit them primarily, and us only when we're getting too rowdy.","No, I don't think democracies can cause as much harm as authoritarians. You're listing some bad things like fiscal ineptitude and mass surveillance, but you have to remember that this needs to be compared to the governments run by Hitler, Stalin, Pol Pot, Mao Tse Tung, Kim Jong Un, Bashar Assad, and maybe hundreds of others in just the last century. I'm not saying that there aren't issues with democracy, I'm just saying that it could be a **lot** worse.",,
m052,motte_bailey,t3_1kf4rs,ConfectionAffection,"I recently started a big boy job, and in thinking about retirement (TIAA-CREF FTW) I finally realized and solidified an opinion that had been floating around in the back of my head for years:I will not live to see my retirement, or if I do, society will be so different that concepts like retiring won't be a thing. Most of this thought comes from a realization about how fragile our society is, and how easily it could be interrupted. Here are what I think are the most likely to happen (possibly in combination), in order of their likelihood: -Climate change: The possibility of famines and other food supply-disrupting weather, shrinking landmasses = competition for resources, scarcity, destabilization of society. This is practically a certainty, the only question is how fast will it happen and how well will we handle it. -Telecom/electrical grid failure or sabotage: Our society would fall into chaos without these services, and if any were interrupted long enough, bad things would happen. Just really think about what would happen if the electrical grid throughout the US and Canada was just turned off for a couple of months. -World War III: This seems the least likely, but the repercussions of North Korea's potential idiocy from a couple moths ago proved that it might not be that unlikely if one country makes one wrong move. Catalysts: -A further breakdown of our political system, which is slipping into the shitter already in my humble opinion. -Income inequality continues and accelerates, riots and protests that make ""Occupy"" look like a Sunday brunch commence. I'm not a paranoid person, I don't lose sleep over this, I've just accepted it as a fact of life for maybe the last 5 years. Do CMV, because when I do think about it it's depressing as hell. I'm just saying, society is very *very* fragile and we're currently barreling towards a number of potential disasters.","Statistically speaking why would you think any of this? What evidence is there? Our society is obviously **not** fragile at all. Society is incredibly resilient. I mean sure *something* will happen. Every few years some kind of historic event occurs. We have been witness to the launch of the Internet. Pretty historic all ready. Our parents saw the launch of the television. Their parents saw the launch of the telephone. As far as wars go - how much did WWII really affect non-soldier Americans? I would not be concerned with North Korea as much as Russia really. That's a fairly volatile, highly conservative and extremely powerful nation. However, outright war is (thankfully) quite unlikely. There really has never been a generation ever who didn't have a segment that believe like you do. And they are always proven wrong. Over and over again. I mean if you are just saying ""something important will happen"" well yea important things happen every year. But your title read, something catastrophic that fundamentally changes our entire way of life - totally blown out of proportion. Change your title to ""I believe there is a 1% chance that a catastrophic event that will change the face of humanity will occur in my lifetime."" and make it statistically accurate. Maybe you will find this interesting. [It's a partial list of apocalyptic predictions through history.](http://en.wikipedia.org/wiki/List_of_dates_predicted_for_apocalyptic_events)","I never said that I was expecting the apocalypse, yet everyone who answered says I did! I don't want to rehash what I've said in other comment responses already, but I addressed why I think now is different than past occurrences. Your title change might be an appropriate rewording, except that's the thing--I think the odds are much higher than 1%.",,
m053,motte_bailey,t3_1f9oa8,h1ppophagist,"In the first paragraph, you fail to recognize the crucial difference between reproductive cells and a zygote: it would be absurd to say that we have a duty to protect sperm (for hundreds of millions of sperm are wasted with every ejaculation), and it would be absurd to say that we have a duty to protect eggs (for then ovulation without insemination would be immoral). When a zygote is first created, however, is when there first comes into existence a single identifiable being to which we could have a moral duty not to kill it, and there is no identifiable point in the pregnancy or after birth at which it becomes a different being. Let's accept your organ donation example and imagine a scenario where it would apply. Say I get into a car and drive it, knowing that there is a small chance I could end the life of an innocent person in doing so. Suppose further that I do in fact get into the misfortune of crashing into someone, and now they need a kidney to survive, and I happen to be a viable kidney donor. Am I legally required to give the person a kidney? No. But if the collision is my fault and the person dies because I don't give them the kidney, *I am still held criminally responsible for their death*. As long as the fetus is a person, your argument implies that women should be allowed to abort fetuses, but that they should face criminal charges if they do so.","You are **never** able to be held criminally liable for not giving someone your kidney. If they die because you killed them by stabbing them in the kidney, and could possibly have lived if you had given them *your* kidney, you will be held criminally responsible. But it will be for the stabbing, not the non-donation. [Source.](http://www.reddit.com/r/changemyview/comments/1f9oa8/i_believe_from_a_nonreligious_and_completely/ca88u5k)","Yes, I know that. What I meant was you're held criminally responsible *for killing the person* in the car crash, even though you could have saved the person by donating an organ. You are not, however, held criminally responsible for failing to donate the organ. The analogy was that abortion is killing the fetus, and that the logic of the car crash example implies *not* that failing to give the use of one's body for the nourishment for the fetus is something for which one could be held criminally responsible, but that *killing the fetus* is something for which one could be criminally responsible.",,
m054,motte_bailey,t3_218cay,matrex07,"I'm not sure if you meant it like this, but that sentence really makes it sound like you're saying its not rape if the attacker thinks the victim wants it.. as supported by the idea of playing hard to get type thing.. It also seems like you're really stressing the link between dick insertion and it necessarily being voluntary. It is possible for someone to ""force you to stick your dick in"" them. The other thing is that people rarely 100% want one thing. Our desires are divided. For you to not call any of those situations rape *whatsoever* seems a little ignorant and frankly kind of sexist. Any situation where two people who are romantically and physically involved obvious has the related desires in both parties, but someone pushing past where the other is comfortable, proceeding without explicit protest but definitely without consent, is hitting the grey area.",How would you punish someone who had no idea he raped a person though? I know that intent doesn't really matter in a lot of situations (officer I didn't *mean* to go over the speed limit = bullshit) but here it feels a little... too much. I don't know.,"Because if the victim *didn't* really want it, that's kind of all that matters. There is a difference between someone who who forces themselves on someone knowing they don't want it and someone who thinks that they do, I'm not saying they are the same thing, but they're both over the line. I think the hesitancy to call it rape comes from this idea that rape happens in the dark outside, with some hooded figure grabbing a woman on her way home and going into a back alley or something. The reality is that just very rarely the case, its more often between people who know each other, in situation not too unlike what the comment a few up is describing.",,
m055,motte_bailey,t3_2iq68t,scottevil110,"It's not punitive or shameful at all. It's not meant to be punishment, it's meant to be a safety net. And how is it shameful? It keeps you alive and healthy while you get back on your feet. There's nothing punitive or shameful about that at all.","If you think the overarching policy motivation of welfare is to be sustenance-level and deliberately restrict comfort to achieve that bare minimum, you are making it punitive and shameful as a motivation factor to 'do better.'","You are assuming way too much about my thought-process here and putting words in my mouth that aren't supposed to be there. I never said it's supposed to intentionally restrict comfort. It's just not supposed to do more than that. It's not supposed to be motivation to do better, it's just not supposed to be comfortable enough to the point that it becomes motivation to NOT do better. As a society, if we have a duty to one another, it's to take care of one another, and that's what a government program, paid for with tax dollars, should do. Keep you alive. It *is* supposed to do the bare minimum. If you want to go above and beyond that, then that's where private charity comes into play, and that's fantastic. What *is* the motivation behind it, would you say? I would argue that it's to keep you healthy so that you stay in good shape to find work. I would argue that it's to keep your kids healthy and well-fed during the difficult times. It's not for you to maintain the standard of living to which you were previously accustomed at taxpayer expense.",,
m056,motte_bailey,t3_1wd6jq,JeanLag,"When I say impossible to know, I mean that no entity, whether that entity is inside or outside the system, could predict that behavior. This is what chaotic systems are. While indeed, inability to predict from within does not destroy determinism, I firmly believe that inability to predict from outside does.","Chaotic systems are not necessarily random. If you know the initial conditions of a chaotic system perfectly, everything follows from that. Not knowing the initial conditions perfectly will destroy your ability to predict it with any kind of reliability, but that's the kind of problem you have within the system, not outside of it. In fact, the inability to predict from the outside is completely unfalsifiable. The uncertainty principle applies from within, not necessarily from outside. The same goes for quantum mechanics: there are perfectly deterministic interpretations based on hidden non-local variables. Heck, any system involving randomness can be made deterministic by embedding the whole stream of random numbers in the initial condition. There's no reason an outside observer couldn't peek at the results of ""random"" events before they even happen.","I never said chaotic systems were random. Only that any imperfection in the knowledge of the initial conditions will completely destroy the ability to predict what would happen. I mean, even if we go outside of quantum mechanics (which apparently I undestand way less than I thought), and go assume that the universe is a continuum (from what I read recently, it is the most accepted theory as recent observations made it ""clear"" that space time is not discretized. I may obviously be wrong). Then, we are talking about sampling a set of measure 0 out of the reals. This is what ""knowing perfectly the initial conditions"" is. This is why we cannot reproduce twice the same behavior in small scale chaotic systems (for example the double pendulum at high enough energies). Am I mistaken saying we are an outside observer to that specific system? Obviously, simulating the system and feeding it initial conditions can be done, but our computer ""know"" a countable number of possible initial states.",,
m057,motte_bailey,t3_1sqkke,Diiiiirty,"A few reasons...first of all, athletic departments generate *tons* of revenue through ticket sales, merchandise, private donations, broadcasting, and fundraising events. They contribute a ton to schools by providing activities for non student athletes to attend, bringing prestige and honor to a school (some students attending specifically because they are fans of the college teams or their families are fans of the college teams), provide friendly (sometimes not-so-friendly) rivalries between schools, and really, give high school students something to work at and strive for. Also, it presents some students with opportunities that they otherwise would not have had. Glenville High School in Cleveland, OH, for example, had 7 players on the OSU football team in 2006 alone. That isn't including the track team, nor is it counting other schools that they sent athletes to. This is a school in one of the worst neighborhoods in Cleveland, has some of the lowest test scores in the country, and is known basically *only* for their football and track stars. These are kids that would be doomed to live in the ghetto for the rest of their lives, not make shit for wages, and to be honest, based on the criminal activity in the area there's a good chance they would end up dead or in jail if they weren't given that opportunity to go to college and make something of themselves. If it weren't for college sports, there's no way they'd be able to afford it. And a lot of times, these coaches step in for an 18 year old kid that has never had a strong parent figure and help to keep them on the straight and narrow. Coaches get paid the big bucks because they are necessary for winning games. Winning games draws bigger crowds, bigger crowds draw more revenue, more revenue means nicer facilities and more ""prestige"" for obtaining a degree from there, which in turn means more students want to attend there, and that means more money for the college once again. College sports programs pay for themselves...that's how the stuff is justified. And really, like I said, sports provide structure for a lot of young people that may not be able to make it through college on their own without someone riding their ass about getting their shit done.","That is *exactly* the type of thing I am arguing against here. Why should these failing students be given an opportunity to go to college at all (let alone on a hefty scholarship), when harder-working students aren't? Let's not twist facts around here. A big football school like OSU or Clemson doesn't automatically become a Yale or Stanford to an employer just because it can afford nicer facilities. If the programs pay for themselves, then they should be entirely separate from the university, and run like minor league teams instead.","I agree that it seems really unfair, and as someone who leans pretty right, my natural instinct tells me that this is a 'survival of the fittest' world, and piss on people who don't do well in school because I worked hard to earn my credentials. But when you look at it up close, these are kids that don't have the same opportunities as your average college student. They are inner-city poor, and as someone who grew up in a shitty school district in Cleveland right on the border of one of the highest gang activity areas in the country at the time, I saw a lot of this first-hand. I had to work my ass off to get to college and get a degree, but I have two awesome parents who made a lot of sacrifices on my behalf. We were poor, but not like some people. These inner-city kids are poor to a point that you can't even comprehend in a school district that has no money, can't find teachers to work there because of how dangerous it is, and people worrying about how they're going to eat dinner that night or how they're going to make it home from school that afternoon without getting shot, and not so much about how they're going to do on that history test. In my high school, which wasn't *too* bad, but was really getting that way by the time I graduated, there was a kid thrown out of a second story window for no reason, regular heroine overdoses, a girl gang-raped in our parking lot, regular suicides in and out of school, fights daily, teachers being assaulted by students, students being assaulted by teachers, a teacher who was arrested for his weekend crack binge, a teacher who raped a student and made her have sex with her mentally handicapped brother while he filmed it, a teacher who committed suicide, regular murders on or very close to school grounds, and gang activity daily outside of school. Literally, every single day there were 10+ cops in our parking lot shuffling kids off school grounds and breaking up any fights or problems that came up. These are distractions that are 10-fold worse at a school like Glenville. This makes history class seem kind of irrelevant... These are kids that didn't make the choice to live this lifestyle. They were born into poverty, a lot of times to parents who don't give a shit about them, and these kids have no options to better their own lives and the lives of their future children. They may *want* to contribute to society one day and they may *want* to be working, successful individuals one day, but they don't have a chance to. That's why you see a lot of professional athletes going and giving back to their communities or helping out poor areas. Now the term ""hard working"" is subjective...I got decent grades in high school, but not because I was hard working by any means. I made it because of my parents, and a lot of times these kids don't have anyone that gives a shit about them. Actual hard-working students that are academically successful usually *do* get scholarships and grant money. When I was in high school, I was a fuck up. I smoked pot, I drank, I cut class regularly, and I got in fights. If my parents and people who cared about me weren't there to keep me on track, who knows where I'd be today. You can't expect a 14 year old that has never had any serious or responsible adult guidance in their life to know exactly what to do and how to succeed, especially when surrounded by people and places that are dragging them down. I was fortunate enough to not be in *that bad* of a school district and to have awesome parents. These kids don't have either of those advantages and a good percentage of them wind up in jail or dropped out of school before they even turn 18. I think if you go to a school where the average test score is 20 and you score a 50, that says *way* more about your potential as a kid at a school with an average test score of 80 and a test score of 75. You're basically arguing that somebody should not be given the opportunity to live a successful life because they were born into poverty. No, it doesn't, but a big football school like OSU or Clemson has a bit of prestige to the name. OSU is known as an academically tough school and the name carries some weight. The reason why it is academically tough is because they can afford to bring in prestigious professors and they can afford to build up their facilities and purchase fancy equipment. I'm not saying that it is entirely because of the football program, but it definitely helps when you have students who *want* to go there just to be associated with The Ohio State Buckeyes. Most club teams are like that and are associated with the schools in name alone. The fact is that it is a symbiotic relationship for both. The school uses the sports programs to attract students, and they also make a healthy bit of money too. The sports teams benefit from having a student body as a player pool, a recruitment tool, a fanbase, and a way to regulate the behavior on and off the field for a student-athlete. If a kid is a dick in school, he gets booted out of school and off the football team. If a kid is a dick in football, he gets booted out of school and off the football team. This allows the coaches to do their jobs while the babysitting falls on the school. And it is important to make sure these kids aren't blowing off their schoolwork to be football players. Coaches want well-rounded, obedient players and the schools help them achieve that instead of having some [complete] idiot that just wants to bash his head into stuff. Also, [look at how a sport team's success can effect a school](http://are.berkeley.edu/~mlanderson/pdf/Anderson%20College%20Sports.pdf). ""*We ﬁnd that winning reduces acceptance rates and increases donations, applications, academic reputation, in-state enrollment, and incoming SAT scores*""",,
m058,motte_bailey,t3_2q5zwb,AndyGHK,"**HELLO! IF YOU'RE READING THIS POST AND YOU HAVE NOT FINISHED AVATAR: THE LAST AIRBENDER, AS WELL AS THE FOURTH BOOK OF LEGEND OF KORRA, LIKE, WHY? YOU KNOW THERE'S GONNA BE SPOILERS. IT'S YOUR FAULT. STOP OR BE SORRY.** Okay. Maybe this is shitty of me as a person. Maybe I'm just closed-minded and white cisgendered homophobic (I hope I'm not, but hey). But I seem to be one of the like three total fans of Legend of Korra that did not think the series ended the way it should have. Throughout the entire four seasons, nearly every character underwent such major development. Mako used to be a selfish asshole who only cared for his brother and pro-bending, but at the end of the series he was an independent but caring detective who actively contributed to the safety of not only Republic City citizens, but the entire Earth Kingdom. Bolin was an immature kid but at the end of the series he was a matured public speaker who fought for love and for his country. And Korra, most of all, was a childish, uncultured, self-important bender who didn't know what being the Avatar meant, but at the end of the series, up until as close as three minutes before the end, was an independent, mature woman who had learned so much about what it meant to be the Avatar on a global scale. The finale, however, wherein she is (canonically, as of tonight) romantically matched with Asami, a seemingly minor female character, completely devalued all character development for her and wrapped up the show in the absolute worst way. *1. To pair Korra, a seemingly strong female character, with anyone at all, would not do her justice.* Avatar Korra is a strong, independent Water Tribe woman who don't need no man (or, uh, girl). She broke up with Mako in the second season because she couldn't be with him and be Avatar at the same time, which is a theme consistent with The Last Airbender; Aang had to let go his earthly tethers to enter the Avatar State. The difference for Aang was that there was a whole three seasons of tension between him and Katara, so it was possible for it to happen naturally whereas there was at most (being very generous) half of a season of very vague and ambiguous ""um hey I like u"" for Korra. Even if Korra and Mako or Bolin had gotten together at the end, I don't think I'd have been as happy as if Korra went on being the Avatar as the strong woman she was made out to be. *2. To pair Korra with a relatively minor character who was only significant when it was convenient to the team, regardless of gender, is objectively bad fiction.* I don't hate Asami as a character, and I don't hate them being paired because they're both girls and ew yuck same sex. I hate the situation because Asami Sato didn't exist for half of the first season. When she started existing, it was to foil Korra, which was fine and actually good conflict at the time. Then, when it's discovered her dad Hiroshi Sato was an Equalist and a villain, she joined Team Avatar ""full-time"". She and Mako and Korra have had romantic conflict since season two, but Asami was barely important in season three and slightly more important in season four. I say slightly important and not completely unimportant because she was relevant whenever Team Avatar needed a hiding spot/base of operations, a plot weapon, or transportation. But seriously, Varrick ended up being more important to the plot that Asami, and he wasn't even really Team Avatar for three entire seasons. *3. There is no way this ending wasn't fanservice.* This show is the sequel to Avatar: The Last Airbender, a mature show that the fans called for a sequel to. The first season ended in a murder-suicide. The second season finale completely changed the world of Avatar forever. The third season ended on a terrifying cliffhanger. The fourth (and final) season finale? Avatar Korra, the most powerful bender on the planet, and Asami Sato, one of the two most intelligent minds on the planet (the other being on honeymoon), *go on vacation in the Spirit World and get romantically involved*. While Republic City, Zaofu, and the Earth Kingdom en masse are in ruins, Mako's (and somewhat Bolin's) plots are left almost completely unresolved, The new Earth King is considering radically changing the structure of the Earth Kingdom, the New Air Nation is left nearly forgotten, and literally *every possible way to end the series logically* was unresolved. What!?This relationship is cop-outy bad writing if it were with anybody, literally anyone on the cast, but being it's the only other female character of any importance makes it that much worse. And it's so out of left field! It feels like a fucking fan fiction! It's almost like the directors didn't even care to build to the reveal. ""Oh and they're lesbians, surprise. THE END."" Why wouldn't they just end the series with a Tenzin-Korra mentor-student moment, or a Korra-Father moment, or even a tiny reference to Aang and the Gaang, or anything other than the new, forced relationship between Korra and Asami? Why end the series with a relationship at all?! Not to mention how awkward and ""ambiguous"" they had to make it to make it PC enough for Nickelodeon. ugh... **Please, change my view and make me see how this awkward and seemingly rushed homosexual relationship between Korra and a ""main"" character is the best possible resolution for the show.** I want to love this show again. I've been with Avatar since I was in eight grade and loved all of it until the finale of the last season. Not to mention, the fandom *fucking exploded* with a ton of ""OMG DAE FORSHADOWING FOR EVERY SEASON LOOK THEY OBVIOUSLY LOVE EACH OTHER"" posts. I cannot fucking *stand* people devaluing the show entirely as Korra's ""coming out story"" because she was ""fighting her sexuality"" throughout the final season. That shit happened with Frozen and I wouldn't hear it, so it infuriates me that this point of view has a foothold thanks to the writers. I refuse to believe that the writers of such amazing fiction in the past would resort to ""okay now we want you to hate the show so we don't have to do more"". I want to see the light, dammit. And to clarify, I don't care that they're les or bi or what the fuck ever. I hate that my opinion is automatically devalued as ""HOMOFOB NOOOOO"" by the vast majority of the ATLA and ALOK subreddits, not to even mention Tumblr. Sorry this is long. _____","Asami had comparable screen time to all other major characters and remained popular through all four seasons. Her character arc was important to a great many fans and so I am going to use that to side step the argument about whether pairing the lead character with a minor character is bad writing. As for the fan service, there were a lot of fans elated by that ending and a lot who were disheartened by it. That will always happen. The relationship between the two characters was subtlety advanced throughout these last two seasons and as that happened the fanbase that were supportive of the idea of a Korra/Asami relationship grew. The content wasn't created by fans in this case, the fans came to the content. And finally, and most importantly, issue 1. Korra having a relationship was no detriment to her character development. By your own admission, you considered her character arc complete until the apparent beginnings of the Korra/Asami relationship. So I have to ask, why would that detract from her growth? Was it having a relationship or that it was with Asami? Do you believe that Korra as a character cannot believably show romantic interest?","Alright, fair enough. Yeah, of course. I guess what I meant by that is it felt really fake, like almost fanfictiony. ""and then they were gay for each other based on minor stuff throughout the series look the evidence is there. The end."" Maybe what I meant is that it was advanced too subtly and took at least me and those two other people by absolute surprise at the end. Bryke even admitted he tossed it around as a joke at the beginning of Season Three in his Tumblr post, iirc. And those kinds of character interactions were between everyone, and I didn't even see her and a guy having feelings for each other. This is a good question. Throughout seasons 2, 3, and 4, to Korra, being single was the least of her worries. She had Avatar business. She had to deal with Spirits. She had to understand better what being the Avatar meant for herself and the world, so she didn't have time for a relationship. And in that time, no one saw her as a sexualized character, they saw her as a strong, independent grown-up who was content with her life. Until the last scene where they made it abundantly clear she was not content focusing on saving the world and being the bridge, the Avatar, who had to put aside her earthly desires for the good of mankind. It completely contradicts much of the growth in those seasons. Absolutely not. I don't believe that the way to go about it was having her hold hands and gaze at Asami, or Mako, or Bolin, or whoever. And I don't believe that it was a proper end to the series where she is purposefully and intentionally single and not looking the entire time.",,
m059,motte_bailey,t3_2j6t16,Raintee97,"That great when you're talking about friends, but you can't weed out your future father in law or her boss or her friend group. I'm not saying your should bankrupt yourself for a ring, but if you're going to cut money there are other places. Like the reception. do you have any idea how expensive those are?","I think that spending lots of money on a wedding ceremony is equally wasteful and financially irresponsible too, but I was trying to avoid having too many ideas in one CMV.","But that one is always up to the couple. I'm getting married next June. There are couples who will spend into debt for their wedding. We won't be like that. There are couples who will spend next to nothing for theirs. We won't be that way either. From a rational perspective, spending money on a wedding or a ring is kind of crazy, but people do like to celebrate ceremonial moments in their life. And, when it comes to something a ring, you will be judged on that purchase. I'm not saying you should, but you will be judged. Never bankrupt yourself for a ring or a wedding, but give your finance something, in this case a ring, she will be happy to show off for it will make her experience better. Your don't want your future in laws to look at your ring and think you're this cheap person.",,
m060,motte_bailey,t3_1fl5d8,lxKillFacexl,"no no, his plane is kept up by * invisible, undetectable* fairies. And if he doesn't constantly talk to them in his head, they'll stop holding the plane up. Yes, because the creator is unnecessary and without evidence. Why is a creator necessary?","It isn't necessary. It's a matter of taste. When did I say it was necessary? If such a deity exists, there would be no way to touch on the subject scientifically because it would be outside the flow of time and reality as we know it. There would be no way to confirm or deny the claims. And on the subject of the fairies: There is evidence against his claim because our current understanding of physics provides a full explanation of how it works. There is no such full explanation for the creation event of the universe. The fundamental flaw in your thinking is that science is a process, not a belief. Believing science is a belief is insulting to the scientific method because it implies that people like Dawkins, who haven't ever published a serious paper, are more ""sciency"" than people like Francis Collins, who heads the human genome project.","I never said nor implied science is a belief. Science, applied properly, can only lead to an atheistic, or at least agnostic, conclusion. My claim is that religious scientists do not honestly apply the scientific method to their own beliefs. If they did, the very best try could do is not be able to accept any one religious belief over another.",,
m061,motte_bailey,t3_2r07cv,discreetusername,"Because a birth defect is something we have identified through science as something that goes wrong during the development process (Down Syndrome is a trisomy on the 21st chromosome) or something that results from neglectful actions by a parent (Cleft Palate or Lip can result from diabetes or heavy smoking in the child's mother during her pregnancy [[Source]](http://www.cdc.gov/ncbddd/birthdefects/cleftlip.html)). These are things that go wrong in nature which cause a child to be born with something wrong which was not intended. Being transgender is a choice made to correct a body which does not have something physically wrong with them, and is not caused by something during birth due to factors beyond the individuals control. Also, if you're going to compare being transgender to having a birth defect, that's rather insensitive.","As a trans person, this is wrong. Actually undergoing a gender transition may be a choice (for me it was a do-or-die situation, and I can't really consider that a free choice), but trans people are still just as trans before we transition, and being trans is thought to have [biological origins](https://en.wikipedia.org/wiki/Causes_of_transsexualism#Biological-based_theories), so it's not like we transition just for kicks.","I apologize if I was unclear with my words. What I meant by ""choice"" is that undergoing the surgery is a choice, not that the feelings and thoughts associated are a choice.",,
m062,motte_bailey,t3_2e6v25,bored_criminologist,"Conservative here...Sarah Palin was an atrocity. She lacked experience on the national stage and it showed through her lack of knowledge in interviews. When it showed it was easy to characterize her selection as a running mate as a ploy to get female votes. I mean it was obvious when she was chosen that it was a crazy move. Think about it she was the not quite 2 year governor of Alaska one of the least influential states in the Union. Her previous political experience other than being elected governor was being mayor of a 5,000 person city and serving on that same city's council. Beyond just being woefully inexperienced on her own, her selection also made it difficult for McCain to capitalize on Obama's inexperience. How on the one hand do you argue that experience is necessary and then choose a running mate who is even more inexperienced then your supposedly too inexperienced opponent? Obama on the other hand recognized his weakness and chose one of the most experienced and respected elder statesmen in the the Senate as his running mate. We have to admit when stupid mistakes are made and John McCain blew it when he selected Palin. It was a terrible, nonsensical decision that can only be explained as an attempt at pandering that backfired epically. I still voted for him, but jeez it was impossible to defend the Palin decision.","If you think anyone was going to change their vote based on experience you weren't paying attention at all. The fact is that after 8 years of Bush the vast majority of ""independents"" and low-information-voters just wanted a Democrat and the chance to pat themselves on the back for electing a black man made it even more irresistible. McCain's popularity was largely due to his willingness to attack Republicans and the Palin choice was the one time anyone had enthusiasm for the ticket. Add to that you are using standard lefty tropes about Alaska not being ""influential"" and quoting the population of Wasilla, I find it unlikely you voted for McCain at all.","You can find it unlikely, but I did vote for McCain. I would vote for him again. That doesn't prevent me from seeing some of the deficiencies of Sarah Palin as a running mate. Everything else you said is absolutely true. I'm not saying Sarah Palin was the reason McCain lost. All of what you said came into play. Palin's selection just didn't help.",,
m063,motte_bailey,t3_1y7dly,pmanpman,"My point on equestrian though is that it isn't about the athlete bt purely about the saddle and the horse. I wouldn't agree with F1 at the Olympics for the exact same reason, the guy with the best car wins","Are you saying you could get into an F1 race car and drive with the best in the world? Do you think you could ride a horse the way they do in equestrian contests? I think not. Yes, the horse matters, but the riders are the ones training those horses. Countless hours go into it too. I think your assessment, especially on equestrian contests, is laughable. I'd like to see you jump a horse as good as my wife (a nationally rated rider). You can even ride a world champion horse and you would still wind up on your back.","No, I'm not saying that I could, but I'm saying that I could take any F1 driver who didn't score a point last year, put him in a Red Bull or a Ferrari and he'd be a championship contender. The person who buys the Red Bull or Ferrari will win the equestrian. I would wind up on my back, because I'm shit at equestrian, but at the top level, the riders are so close together that the horse and saddle is all that matters.",,
m064,motte_bailey,t3_2dzrhq,mbleslie,"Pepper spray on an individual in close proximity who lunges at the officer? I don't think you'd find many cops who support you there. Also, not all departments issues tasers. I don't know if the cop in question was equipped with a taser or not.","Did you see where the shots landed? The autopsy shows no gunshot residue on the body, and I would expect better aiming from the officer. You'd be hard pressed to find one that didn't. Even very small departments issue tasers nowadays.","I was stating that, in general, a police officer could rightly fire on an unarmed suspect if certain conditions were met. I did not say for certain that Mr Brown did so.",,
m065,motte_bailey,t3_1vi0cy,DOCTOR_MIRIN_GAINZ,"I'm not OP, but I can. Animals can not follow societal laws and government laws. When a human does not follow these laws, we either try to rehabilitate them, enslave them or kill them, in other words, humans are not ""special"", those that follow the laws are treated well, those that don't are treated poorly. Since animals can not be rehabilitated to follow our laws, they are not treated as equals, and this has nothing to do with intelligence, a murderer with a 150 IQ would still be imprisoned or sentenced to death. The only exception to this rule are children, without which the human race would be extinct, therefore we adjust societal and government laws for them.","So, two things: 1. Animals can be trained. It happens all the time. While just reciting our laws to a dog in english probably wouldn't be very effective, it's not terribly hard to train a dog not to bite people. 2. Some laws would probably be effectively impossible to teach to a dog; things like the tax code. But this is basically irrelevant to a dog (unless he earns his own money) and it basically comes down to intelligence. It would be hard to teach the same thing to a small child too.","I don't see how this contradicts anything I said, yes, you can teach a dog not to bite people, yet that dog will not have the same rights as a human. It would have to be under constant supervise by its owner, it can not consent to anything, it can not live on its own, it is not a member of society. That does not mean people are immoral towards the dog, it just means they have less rights, as you said, they can't pay taxes, they can't vote, they can't drive cars, they can't sue someone; they are owned by people. Because of their limited rights society will value human life higher, just like society valued the lives of ordinary citizens more than the lives of slaves throughout history, it's not because humans are ""special"", it's because any type of society is based on laws and rights, whether that's right or wrong is a different question. I'm not saying you get a free pass to hurt animals, I've been a dog owner myself since I was a kid and I don't like when people mistreat animals, but I'm not going to value their lives more than a human life.",,
m066,motte_bailey,t3_35s5bb,Hashi856,"If I see someone trying to kill someone else, and the only way I can stop them is to kill them, I believe I have an obligation to kill that person. Usually, people try to add extra details to scenario to get out of it like ""I could shoot him in the arm to get him to drop the gun"" or something like that. But I'm talking about a situation in which the only way to stop a murder is to kill the would-be murderer.","OK, but Batman never finds himself in that situation. Being the genius detective and crime fighter that he is, Batman can always figure out the moral equivalent of ""shooting him in the arm"" As such, since Batman has a way to disarm or subdue the criminals, murdering them would be the immoral choice.","The shooting in the arm thing was for normal people and normal criminals. Batman's version of shooting in the arm is to catch him and send him back to Arkahm. I know Batman can easily stop him without killing him. He's done it a hundred times. The shooting in the arm scenario is a way to stop the criminal without killing them. But sending the Joker back to Arkham doesn't stop him. The only way to stop him for good is to kill him because he keeps escaping. To be clear, if there was a reasonable expectation that Joker would not escape, I would not ask Batman to kill him.",,
m067,motte_bailey,t3_3gcrbs,zolartan,"Natural does not mean ethical. Implying otherwise is a so called ~~naturalistic fallacy~~[edit: meant [appeal to nature](https://en.wikipedia.org/wiki/Appeal_to_nature)]. Having said that I'd be interested in the definition of ""natural"" which includes current methods of factory farming (where most meat consumed comes from). Yes. So would pollution and [resource](http://zolarenergy.net/pictures/bio/land-demand.png) waste associated with animal agriculture. Where is the problem?","Ethical is subjective. My comment actually specifically refers to purchasing meat collected in less questionable ways. By natural I was referring to the killing of animals for food. It logically follows that we would use our evolved intelligence in order to harvest meat in a more efficient way. I did not say pollution etc. were not issues, nor did I mention them at all. Those are not relevant to the topic of discussion.","We can argue about how morality/ethics is subjective or objective. But I think we agree that something being natural or unnatural does not make it ethically wrong or right. Modern medicine is unnatural, still its not immoral. Rape, killing, letting the weak die is natural. That does not make it morally right. Sure we can do that. The question is if we should. Meat production is inherently inefficient compared to a vegan food production. You need much more water and land to produce one energy unit of meat compared to a vegan alternative. You can increase the efficiency but this will generally mean a decreased quality of life for the animals: Giving animals more space, let them eat their natural diet, let them grow slower will generally mean higher resource consumption. Yes you did not. But you said that the chicken, pig and cattle population would plummet if we stopped breeding and slaughtering them. I got the impression you see that as a negative. Just wanted to point out that it's a desirable effect considering how wasteful meat production is (not to speak of the suffering it causes to the animals).",,
m068,motte_bailey,t3_2nurqb,AyeHorus,"Sorry, perhaps I wasn't clear. I was asking for differences in the *reasons* people rape, which is what you suggested above.","Yes, I'm answering that question. These are reasons people rape, specifically men in the huge majority of cases.","No, you gave one reason why men might want to have more sex and two reasons why men might be more likely to be successful in any attempt at rape. As for the first one, people don't rape because they have a high sex drive. When asking for reasons *why*, I was specifically responding to you saying this: And asking you to give some examples of different reasons/motivations between the genders - for instance, men do it for control/misogyngy and women for sexual pleasure (to be clear, I'm giving examples, not things I actually think are true).",,
m069,motte_bailey,t3_3iqty5,draculabakula,You clearly have no clue what you are talking about here but thank you for the constructive comment. Iran's president Hassan Rouhani is from the moderation and progress party. Literally moderation is right there in the title.,"It's not moderate compared to the status quo of a typical western country, which you're trying to project onto him (which is why you think he's so good and using it to prove your point). Relative to the status quo of the western nation you presumably reside in, him being 'moderate' compared to a bunch hardline, Islamist reactionaries doesn't mean a hill o/beans. Rouhani (as head of the Islamic National Security Council) had a major role in the violent crackdown on a 1999 student uprising against the Islamist regime. He calls for Israel to stop existing and was a leader of the infamous al-quds day protests this year. Rouhani chaired Iran’s National Security Council between 1989 and 2005, meaning that he was at the top table when Iran masterminded the 1994 bombing of the AMIA Jewish cultural center in Buenos Aires. Fuck that guy.",Well maybe my original post was a little misleading. What I meant was that the Iranian people elected THE moderate choice in their election.,,
m070,motte_bailey,t3_2k38kl,ethertrace,"And violating logic has a host of other issues that most theologians have found either ridiculous or uncomfortable or distasteful when taken to their conclusion. You lose, for example, the ability to know anything at all about said deity or trust anything it says. Please read the link. As I said, there are different conceptions of omnipotence and you appear to think yours is the only one when in fact it is merely the single most problematic one.","No, you're trying to have a logical debate about an unreasonable subject. My definition is the definition I choose to use to explain my beliefs. You're saying it is impossible to change logic or for an entity to have my definition of omnipotence, and I take the standard, traditional stance of all the other religions of ""You can't prove God, Allah, Yahweh, or the Spaghetti Monster doesn't exist,"" when it comes to my beliefs as well. I'm not saying I believe *anything* except for the fact that you know nothing. Not in like the sense of insulting you, but in the sense of you don't even know if this life is a coma dream or not. Back to the logic thing, Descartes is the only thing I believe in, which is as you say the definition of infallible logic, but you assume we understand all logic. It was impossible to take the square root of a negative number before you learned about ""i."" I'm just saying even though I think, therefore I am, maybe some ""God"" will toss me the ""i"" to my existence. I just understand there might be concepts out there that I can't even understand that I won't understand.","I don't think so. I just think your position is unreasonable, but you've also essentially admitted as much. In so far as the word ""impossible"" has any communicative meaning, yes, it's impossible to violate the laws of logic. But back up here. What exactly do you think logic is? Because these are the [three basic laws of logic](http://en.wikipedia.org/wiki/Law_of_thought#Three_traditional_laws:_identity.2C_non-contradiction.2C_excluded_middle): * The law of identity: For any proposition A: A = A. * The law of non-contradiction: A =/= ~A * The law of excluded middle: Either A or ~A Now, which law(s) are you asserting that an omnipotent god should be able to violate? Because breaking any one of them creates serious consequences for any theology. Consequences that I'm not certain you've thought through. That's a ridiculous stance, and [not how the burden of proof works](http://en.wikipedia.org/wiki/Russell%27s_teapot#The_burden_of_proof_argument). You're putting the cart before the horse if you think that demanding other people disprove your beliefs instead of supporting why you believe them is the proper way to debate things. Or a reasonable way to live your life in general. Retreating to solipsism to protect your beliefs is the surest sign that you don't have a leg to stand on. I have no interest in debating whether we're all just brains in a vat. First of all, that's not really true as you've already asserted belief in an omnipotent god. I'm sure you have other beliefs besides those as well. Second of all, please stop putting words in my mouth. It seemed snarky, and you're sounding defensive at this point. Which can happen when discussing beliefs that are personal to you. This doesn't really have anything to do with what I'm talking about. The square root of a negative number violates no laws of logic. It simply has no real world equivalent and is a useful fiction. Your position is more like ""1=2."" That would be logically impossible. Sure. Admitting the limits of one's knowledge is reasonable. But you don't sign up to join the Moonies on the off chance that their ridiculous claims will one day be borne out by some evidence that you might possibly find in the future. That's no basis to gain a belief, and certainly not a reasonable defense of any existing ones.",,
m071,motte_bailey,t3_2cayvr,reallyreallysmallman,"Outside of academia, (where generally, if someone says it's art, for the sake of discussion it's treated as art) - there is considerable debate about what counts as art, and what doesn't. Well, maybe just on reddit. But often, I feel it would be helpful to have a clear and reliable definition of what counts as art, so the discussion could move forward. This also addresses a common opinion that boils down to ""I don't like it, therefore it is not art"". Anyway, here's my definition of art: Any form of communication with at least one layer of abstraction. [edit: removed word attempted] Here is why I think this works. It's medium-agnostic, so it can apply equally well to any type of art including spoken word, performance, sculpture, whatever. It's non-normative, meaning we don't have to consider whether the artist did a good job or had any particular purpose. It boils down to: Was there communication? (even unintentional?) And: Was the communication abstracted in some way? By this, I mean the full content isn't just explicitly stated. Examples of what is not art: A stop sign is not art. It's communication (you stop here) but the message is not really abstracted. A random splotch of oil on the ground that looks really awesome is not art, because it wasn't produced by a person to communicate anything. Jackson Pollock's work is art, because there is communication about his thoughts, feelings, and art itself in there - although it is heavily abstracted. Difficulties/objections: Indeed, for example stylization of text could be considered abstracted communication. I think this is OK. Design can be considered a type of art. Yes, I guess it does. BONUS ROUND: My definition of ""Good Art"" (which I realize is too subjective to debate meaningfully, but I'm throwing it in here anyway): Good art helps one's fellow humans understand better. Here ""understand"" means understanding themselves, others, the world around them, life, culture, etc. It is orthogonal here to the idea of knowledge, in the sense of information that hasn't been emotionally integrated into one's worldview or mindset. I like this definition because it encompasses just about all art that's considered ""great"" while allowing us to reject art that's superficially well-executed or conceptually interesting, but ultimately worthless to the human experience. For example, Star Wars fan art is usually not good art. Imitative contemporary abstract nonsense is often not good art. But maybe Jeff Koons can be considered good art again? In this light, Duchamp's Fountain and Malevich's black squares can be more important (to me, anyway) than ... say... Monet. Interesting! Okay, that's it! What do you think, is there a more useful definition of art we can use? How about good art? ____","There's a host of issues with 'Any form of communication with at least one layer of abstraction', and I'm sure you've already realized a couple, but hopefully I can propose an alternative. But to begin with: generally speaking, a 'good' definition of art is one that includes everything that 'common sense' tells us is art, or everything widely considered to be art is art. This is a terrible criterion for correctness, but I'll get back to this in a second. There are essentially two key words in your definition: 'communication' and 'abstraction'. 'Communication' is problematic because there's nothing that *doesn't* communicate. All meaning is communication. The word 'communication' doesn't actually exclude anything. 'Abstraction' is also problematic. Let's take it two ways: firstly, abstraction meaning 'non-literal', which you hint at in your comments. This suffers from the same problem as 'communication': it doesn't exclude anything. All communication is 'non-literal'. There is no way of communicating pure concept, language is essentially metaphor. Let's consider a different meaning for 'abstraction': abstraction as detachment. So painting something is once removed from observing the thing. This seems better, but it excludes all *functional* art. Architecture is not detached from itself, neither is industrial design. So if a good definition is one that is inclusive of all that we preemptively consider art, and yours does not, it's not a good definition. HOWEVER, there is a sound alternative to the idea of searching for a sound definition that encompasses all that is art and excludes all not art. Art is only a word. It does not need a metaphysical truth to it. The 'truth' of the concept of art only extends so far as the word 'art' is useful. Finding the 'true' definition of art is fruitless because art does not exist as a perfect form but as a functional term created and used by people. So the question of 'What is art?' doesn't actually need to be answered in a single definition. Rather, 'art' can be a network of related characteristics. So art is detached, art has aesthetic qualities, art is made by artists, art is a historical concept, art communicates content etc. can all be considered part of a 'definition' of art, and to be art something only has to meet a certain number of those criteria. As an aside on your point about 'good art': I feel like ignoring aesthetic qualities is dangerous. By your definition, art is easily replaceable by, say, science or philosophy or religion, which are all efficient methods of reaching understanding. Additionally, lots of art requires a certain level of knowledge to understand, this makes it worse at being understood. Does this make the art worse? By this logic, easily understood works of art, like a Babushka doll or the Bible (in the sense that it's artistic qualities are easily understood, rather than it's content) must surely be the best art","What I meant more specifically was communication between humans. Hmm, true enough. I agree with you, but I think it's a fun challenge to try and find a definition that includes/excludes as many known examples and counter-examples as possible. Eh, my definition of good art presupposes we've qualified the thing as art first, so I don't think that's a problem. Sure, this is why someone can find a piece bad, and another person finds it good, even working with the same definition. Consider it a individual-level definition. I find a piece good because it helps me understand something. Others may not agree because they don't understand the work in the first place. I don't think that invalidates the definition. I'll award a delta because you've done the best job taking apart my definition so far, in that you've done the most to show how inadequate the words ""communication"" and ""abstraction"" are, at least. Δ",,
m072,motte_bailey,t3_208uz9,Jabronez,"""Democracy is the worst form of government, except for all those other forms that have been tried from time to time."" - Churchill I think it was Aristotle who was the first to break down different forms of governments formally. Stating there was some 3 kinds of government, each with either the possibility of good or bad. 1 - **Monarchy/Tyranny** (Rule of the one for the good of all/ rule of the one for the good of the one) 2 - **Aristocracy/Oligopoly** (Rule of the few for the good of all/ Rule of the few for the good of the few) 3 - **Democracy/(Oops can't remember the name of the bad version)** (Rule of the many for the good of all/rule of the many for the good of the many). He goes on to state that in the perfect state monarchy is the best form of government, but that all governments run the risk of corrupting, and serving only the ""ruling"" group. Democracies, while the worst form of government in the ideal, are the best form of government in the corrupt form. Since governments fluctuate between ideal and corrupt forms, democracy is the best in the long-run. **TL;DR** Democracies aren't the best types of government in the best possible form, but they are the least bad form of government in the worst possible form.","Except for the fact that they can become other types of bad governments. I wouldn't say that the USA has a Democracy/Its-bad-form. I'd say its closer to an Oligopoly. Because honestly, the Executive branch isn't in charge, neither is the legislative or the judicial, and the three of them together sure aren't in charge. Its the fucking corporations. Did you know, that if you grow your own seed of crop, and Monsanto comes for an inspection, and sees even ONE seed of their crop in your field, they can legally take your entire property? (I'll have to ask the person who told me for the source, so it may not be 100% accurate) Reason why? Because Monsanto paid the government to pass that law in secret. Democracy/Its-Bad-Form is FAR from the best, and WAY too close to the worst, just because of the fact that it can become either of the other two bad forms.","That is an example of a government being run by the many for the good of the many though. It can be argued that large companies like Monsanto benefit from economies of scale and are able to produce foods to sell at a lower cost. It benefits the many people who are able to a) profit from the corporation and b) have access to affordable foods, it is only a negative for the farmers who are losing their ability to operate independently. A Tyrant could choose to increase taxes on the population to maximize his earnings, while letting the majority of the people starve to death who cannot afford the tax. An Oligopoly could do the same and split all the earnings among themselves. Democracies would never allow income inequalities to get so bad that the majority of a population begins to starve to death. I'm not saying that the agreement that Monsanto and the government operate on is the best possible option for society, but it is the best bad option available - that is the basis of the argument.",,
m073,motte_bailey,t3_36cadv,gimmeabreaklady,"This ""Who DARE question the Creator?"" line of reasoning is nonsense. No one holds a monopoly on creativity. The showrunners are free to change GRRM's vision, and the audience is free to question theirs. For their decisions to be acceptable *to me*, they need to meet my standards (which are more or less basic Screenwriting 101 stuff). For their decisions to be acceptable to the network, the ones with actual power over their future decisions, all they need to do is keep people watching. I highly doubt Benioff and Weiss care what I think, that doesn't mean I can't express an opinion. And I'm not even *saying* the rape scenes are unacceptable to me, I'm just outlining what standard of judgment I use to decide whether they are.","I'm not saying your opinion is not worthy of expression, simply that it possesses an unrealistic set of criteria which are not constructive at all. I do dare you to write/find me a story which meets your standards if I applied them. It would be impossible because 1) anything could set me off, and 2) I could find some other way for the story to express what happened in a less 'triggering' way. Your standards have a right to be expressed, but they don't have a right to be taken seriously or be considered logical when they aren't.","There are plenty of rape scenes I consider integral to their respective works. Irreversible, Girl with the Dragon Tattoo, A Clockwork Orange, Rosemary's Baby, Rashomon, American History X, etc. They're effective because they use the rape like an assassin uses a blade: carefully set up before striking at just the right angle and moment, with resounding consequences. Not like a club, swung about wildly to bash you over the head. You're stretching it. If, like, the color *blue* sets you off, you're in one of a million minute niches that it's impossible for any artist to cater to comprehensively. Graphic rape is harrowing to just about everyone in a general audience, even if they don't get PTSD symptoms over it. If writing were cooking, graphic rape would be a habanero pepper, not salt. Here's a reason for you consider ways other than graphic rape to express story developments: diminishing returns. If there are just a very few such scenes on the show, used only for particularly significant narrative effect, they leave a strong impression. Every time a main character is brutally killed in Game of Thrones, it fucking *counts*. The Red Wedding is a moment that will live in TV history and the collective pop culture consciousness for years to come. The more the show resorts to rape as a shock tactic, the less impact each one makes. If they're thrown in willy-nilly, for no more purpose than showing ""shit be shitty,"" they start to blend together into a vague miasma of unpleasantness. I'm not saying they should avoid using rape at all because it might trigger some members of the audience, I'm saying they should avoid *over*using it because it might make the rest of the audience jaded.",,
m074,motte_bailey,t3_2awahc,[deleted],"I am saying that you *don't really* have any more of a leg to stand on when you call Hitler evil than if Hitler called you evil. Morality appears to be a non-empirical, non-falsifiable creation of humans. There is no way to prove that Nazis, the rulers of North Korea, Genghis Kahn, or whoever is more evil than you are. This typically doesn't matter when talking to humans in a society that shares a common morality view, but you run in to problems when you try to apply your moral views to people who disagree with them or to inanimate things that don't hold moral views at all. Why are carnivores less good than herbivores? Mother falcons must kill smaller birds to keep their own babies alive - how is this less morally good?","You're advocating an extreme and frankly ridiculous form of moral relativism. I'm not saying relativism doesn't play a role in morality, but I reject any moral system that doesn't let me call Hitler evil. (I think this carnivore discussion is silly, but I'll play along.) Herbivores and carnivores both have to eat to survive, but herbivores do not have to kill other animals to accomplish this task.","It isn't moral relativism, it's essentially moral existentialism. There isn't morality inherent in the world but you can't operate in the world without a moral code, so we must take a leap of faith and make one. People just happen to leap to different places. Why is it ridiculous to point out that neither the universe nor life on the Earth appears to operate under any absolute moral code? I'm not saying that you can't call Hitler evil, I'm just saying that you can't prove it. As for our food chain, why do carnivores bear any moral fault for being born a carnivore? They didn't ask for their lives and their children's lives to depend on killing other animals. Why do herbivores get any moral credit for being born unable to kill or digest animals?",,
m075,motte_bailey,t3_25lg8m,[deleted],Yes. Are you saying it's not worth making sure that the right people get the right aid?,"Yes, obviously. If the cost of determining who deserves aid is greater than the cost of simply providing aid indiscriminately, then discrimination is inefficient. Or should we spend extra money just to ensure that people who make poor decisions are adequately punished?","You would just need to apply for aid and provide proof. For example, your house being torn down by a hurricane is proof. A disease diagnosis is proof. Just something to show that you have been affected by factors outside of your control. This would cost little, compared to the benefits of keeping societies money in responsible hands. I'm not saying we should punish anyone. I'm saying let people deal with the consequences of there own choices, and don't give them other peoples money, taken by force. Now if we were talking about criminals it would be a different story.",,
s051,strawman,t3_3dfjej,cdb03b,"It is both. Purely socialist systems requires everyone to be willing to be given exactly the same as everyone else regardless of effort and to have no personal ambition. That means that the moment anyone has ambition they can very easily take over the system and turn it into an authoritarian regime, which is what has happened.",,That's communism. Socialism doesn't preclude inequal wages at all. That makes no sense... are you saying that anyone with ambition can just snap their fingers and take over the country?,,
s052,strawman,t3_2txwe7,Sossenbinder,"I mean homeless, just noticed that what I wrote in the original post is a little bit confusing",,Basically though you are saying that helping men is wrong.,,
s053,strawman,t3_2yo9nm,irondeepbicycle,"I'm still having a hard time pinning down your view. This sentiment describes all businesses, not just businesses that sell based on credit. Are you saying that businesses should be required to be charities? Ok.... if I default, none of my friends get loans either? How are you defining peer group? This is a non sequitur, there is no reason why the strength of a relationship would imply a particular causal relationship. Poverty could cause both. Bottom line, it sounds like you're arguing against all forms of banking, instead wanting bankers to be charitable, motivated by goodness of their hearts. Is that close?",,"Since I didn't state that, no, that's not my view. I would support businesses being forced to by law to care about your wellbeing. They have a crap record when doing it on their own. The bank is presumably. Also remember i was replying to this. This interaction isn't very enjoyable, you're repeatedly stating views I don't actually have. I am not basically saying that, or bottom line arguing that.",,
s054,strawman,t3_1s60vl,skavoc,"Okay, fair point. There are similarities here. Here's the distinction I make: The fact that love has been integrated into our language makes it acceptable to say you ""love"" a family member that's not a spouse. Because of the way the definition of the word has evolved, it takes on different meanings.",,"so on some measure you're saying that, when i tell my friends i love them, what i'm saying is something different than what i'm saying when i tell my husband i love him. that's *possible*. but if that's your argument, I think you should make it clear in your post that your argument depends on a particular construction of the meaning of the word 'love'. :)",,
s055,strawman,t3_2lqcby,SolomonKull,"Those people are being irrational. THEY SUFFER FROM MENTAL ILLNESS. You are defending irrational insanity. Is this because *you* personally feel threatened each time a stranger says hello? Do you not realize how absurd, insane, and downright crazy that is?",,"So in an attempt to downplay the severity of catcalling you are saying that those who feel threatened by catcalling are insane? Is anyone else laughing their ass off or is it just me? Seriously, let me help you out, here [Read This](http://en.wikipedia.org/wiki/Logic), Then get back to me when you can properly form an argument.",,
s056,strawman,t3_1f9oa8,atalkingfish,"So you're saying that deliberately killing someone is okay simply because we are not sure if we are killing someone. So someone set up a lever that had a 50% chance of murdering an innocent person, while the right to move your arm and press down levers is protected by our freedom of choice, would you consider it in their right to press that lever simply because they can never know if it will actually kill the innocent person?",,"And this is how your ""logic"" crumbles down. You are just emotional. I said none of those things. I didn't even defend a single position. For all you know, I can be sharing your very own **opinion** about the issue. I was just explaining to you how your logic is flawed and your argument about banning abortions is not based on logic or science as you claim. When you take away the flawed arguments from your position, your position boils down to this: ""In my opinion, human life begins at conception. So abortions should be banned."" This is what everyone sharing your opinion thinks. You are not bringing anything to the table. I am not arguing *for* abortion here (we can discuss it if you want of course). I'm just pointing out that your precious argument is not based on logic or scientific thought. It is just based on your inherent (religious?) biases, beliefs and opinions. Because of the reasons I explained earlier.",,
s057,strawman,t3_1u87uu,RMcD94,"So you're saying that constant suffering is impossible because the brain will always stop suffering from being suffering. I again think that's not true because everyone who feels chronic pain don't say ""oh yeah I'm used to it"" People who suffer their entire existence would still be suffering. They might be able to deal with it better than someone who hadn't felt pain before but dealing with something isn't related to how bad your life is. Existing in eternal torture isn't better than being dead just because you don't feel happy ever",,"Yes, given an infinite amount of time and an immortal body, I believe that is the case. I disagree.",,
s058,strawman,t3_2dg4c1,numb3red,"Without anything happening to the mother, and without an abortion, that fetus WILL develop into an infant. If you were aborted within 24 weeks of conception, you wouldn't be here today, and that's still being dead. But by your logic, it would've been fine if you were aborted.",,"If I were aborted, I wouldn't exist to care about it. I wouldn't be dead, I would simply have never been ""alive"". I mean this in the colloquial sense, since life has not ceased since it first started. You very clearly state that it WILL develop into an infant, not that it is one. Potential != actual. The fact remains that the fetus doesn't care at this point, but the mother certainly does. You are saying that it is OK to do actual harm to an actual human being in order to prevent ""harm"" from befalling a clump of cells with no higher brain function. What is it that you value about humans? I'm not being facetious; I have an obvious answer to this question. When you understand what it is that gives human beings their value, then you will know when to start treating them like it. EDIT: Not that it should even matter if the fetus were a person, since the mother should still have have the right to refuse the use of her body. And don't give me any of that trash about ""she volunteered"". If a person volunteers to give someone their kidney, we let them change their mind. Why should a fetus have more rights than the kidney recipient?",,
s059,strawman,t3_30rmk0,elenasto,"Yeah, that is what I am criticising. This is my description too, that there is something wrong with our values that we place so much value on a sport. No. Seeking fun and its value are completely different. I like to swim and I like to play soccer with my friends, but I don't believe that it is worth anything to the society.",,"Worth to society and monetary value are what are different. Worth to society is debatable; the issue is what people are willing to pay. You can establish a Brave New World style totalitarian government where everyone is only allowed a soccer ball and a hackeysack, and that's fun, or you can give people the freedom to seek out the pleasures and muses they desire. Naturally, industries and corporations are going to rise up and exploit people and generate massive revenue as a result. That is the inevitability of a capitalist society - as long as people are willing to pay, people will profit highly. The only way to achieve the goal you are proposing is to create a totalitarian government that strictly and forcefully controls ""fun."" You said earlier you are not calling for entertainment to be banned, but in a way you are, because you are saying that people shouldn't participate in entertainment in the way they are currently. Who are you to say what people do with their money? People like to have fun. Some people's idea of fun is to watch sports. That's all there is to it. Truth be told, the reason why sports generates so much revenue is mostly advertising. You lament the fact that doctors do not profit as much as sports players, even though, medicine is, like sports entertainment, also a giant industry founded on invasive advertising. Some people actually think advertising is *detrimental* to health care. Some people even want health care to be *free.* (shocker). Seems like health care would improve greatly if LESS money were involved. Perhaps money is not the marker of cultural and societal value - perhaps it is quite the contrary. I doubt you want hospitals run like sports organizations anymore than they already are.",,
s060,strawman,t3_2n8psp,Caligirlsrock,"I'd like to think I am a pretty logical and progressive person. However. This open relationship thing has started to come up more and more in my dating life and it sounds like simple bullshit to me. I don't see how you can have a meaningful, healthy and truly intimate connection with someone if there is a chance that someone else can 'be' with your significant other in that way. Now, I am not jealous or insecure when it comes to my relationships but I think that emotionally and definitely physically the connection to one person comes from being with that one person. Not that one person on Thursday, I can still get that other person's number Friday and if I feel like hopping in the bed with someone else that Sunday it's fine. On the flipside I totally respect their honesty about not being monogamous instead of cheating on someone unknowing. Change my view. Or at least help me to see the POV more clearly of those that believe in open relationships. EDIT: Okay...thanks to everyone that shared their experiences and opinions on this topic. I learned A TON! I can totally say that I can accept that there are people that the poly life simply 'works for' and for others it doesn't. Thanks to everyone that was super transparent sharing their ups and downs. To the people that were kind of a dick I expected you here and there were so few so I still feel good about asking how and what I asked. I will reply more limited to those that still choose to comment but thanks because I not only understand the POV I must say I suppose I have actually changed my view. :) TL;DR: I think open relationships are bullshit CMV EDIT: My view was changed. _____",,"Personally, I believe what you're saying is *often* the case, especially with younger people. But I don't believe it's *always* the case. People don't have a limited amount of intimacy they can share. They can have intimate moments with one person, and have intimate moments with another person as well. In fact, think of it like this: Have you been intimate with more than one person, ever, in your life? Even at different times? Probably, right? So what's-- not just for you, but for *everyone*, what's the time limit that needs to be passed after one relationship before that intimacy ""counts"" for the second? Isn't it possible you could have had those feelings for both people concurrently? Loving one doesn't mean you love the other any less. And it's all up to the person to decide what's right for them. Some people don't feel, or don't want, to share their SO that way. Or they don't want to share themselves that way. And that's fine. That's how most of us are. But to say that's true for *everyone*? That no one is capable of sharing themselves or their partner that way? I don't think that's true. I think it becomes an easy excuse when people are younger and don't want to get too committed, want to see what else is out there. And that's okay. And I think it can be an excuse when someone's trying to prove how edgy and modern they are. But occasionally I think it's because a couple feels that they are able to be intimate with multiple people at the same time, without detracting any from their own intimacy.",,
s061,strawman,t3_367d1j,Chel_of_the_sea,"And finally, trans people show absolutely enormous improvement when allowed to pursue our identifications unimpaired. Here are a few studies, although far from all that exist on the subject: * [Heylans et al., 2014](http://onlinelibrary.wiley.com/doi/10.1111/jsm.12363/abstract): ""A difference in SCL-90 [a test of distress, anxiety, and hostility] overall psychoneurotic distress was observed at the different points of assessments (P = 0.003), with the most prominent decrease occurring after the initiation of hormone therapy (P < 0.001)...Furthermore, the SCL-90 scores resembled those of a general population after hormone therapy was initiated."" * [Dhejne, et al.](http://journals.plos.org/plosone/article?id=10.1371/journal.pone.0016885) is much-cited by those who like to say that we have elevated mortality post-transition, and it does in fact say this...for the cohort who transitioned before 1989, in a far more hostile world and with less effective treatments. However, there was not a significant elevation of suicide or of other mortality in the post-1989 cohort. * [Colizzi et al., 2013](http://onlinelibrary.wiley.com/doi/10.1111/jsm.12155/abstract): ""At enrollment, transsexuals reported elevated CAR ['cortisol awakening response', a physiological measure of stress]; their values were out of normal. They expressed higher perceived stress and more attachment insecurity, with respect to normative sample data. When treated with hormone therapy [at followup, 1 year after beginning HRT], transsexuals reported significantly lower CAR (P < 0.001), falling within the normal range for cortisol levels. Treated transsexuals showed also lower perceived stress (P < 0.001), with levels similar to normative samples."" * [Gomez-Gil et al., 2012](http://www.ncbi.nlm.nih.gov/pubmed/21937168): ""SADS, HAD-A, and HAD-Depression (HAD-D) mean scores [these are tests of depression and anxiety] were significantly higher among patients who had not begun cross-sex hormonal treatment compared with patients in hormonal treatment (F=4.362, p=.038; F=14.589, p=.001; F=9.523, p=.002 respectively). Similarly, current symptoms of anxiety and depression were present in a significantly higher percentage of untreated patients than in treated patients (61% vs. 33% and 31% vs. 8% respectively)."" * [Here](http://www.gires.org.uk/assets/Medpro-Assets/trans_mh_study.pdf) is a broad survey conducted in the UK. Unlike the previous links, it's not peer-reviewed, but the large sample size provides some corroboration of the above results. In particular, we have: (Page 15): ""Stage of transition had a substantial impact upon life satisfaction within the sample. 70% of the participants stated that they were more satisfied with their lives since transition, compared to 2% who were less satisfied (N=671)"" (Page 50): "" Most participants who had transitioned felt that their mental health was better after doing so (74%), compared to only 5% who felt it was worse (N=353)."" (Page 55): ""For participants who had transitioned, this had led to changes in their self-harming. 63% felt that they harmed themselves more before they transitioned, with only 3% harming themselves more after transition (N=206)."" (Page 59): ""Suicidal ideation and actual attempts reduced after transition, with 63% thinking about or attempting suicide more before they transitioned and only 3% thinking about or attempting suicide more post-transition. 7% found that this increased during transition, which has implications for the support provided to those undergoing these processes (N=316)."" * [de Vries, et al., 2014](http://pediatrics.aappublications.org/content/early/2014/09/02/peds.2013-2958.abstract) studied 55 trans teens from the onset of treatment in their early teenage years through a follow-up an average of 7 years later. They found no negative outcomes, no regrets, and in fact their group was slightly mentally healthier than controls. * [Lawrence, 2003](http://link.springer.com/article/10.1023/A:1024086814364) surveyed post-op trans folk: ""Participants reported overwhelmingly that they were happy with their SRS results and that SRS had greatly improved the quality of their lives. None reported outright regret and only a few expressed even occasional regret."" This is not the case for (for instance) BDD sufferers - see the links above. If the offending part is removed or modified (e.g., dermatological treatments to get rid of a mole), they simply re-fixate on a new part. Trans people, in general, do not. ---------------------- Setting aside the abstract, for a moment, I am a trans woman. I am: * Stable: I have never been suicidal or anything more than moderately depressed. I have good control over my emotions (although less now than I once did - adjusting to the return of all the emotional turmoil of puberty takes work!). I can bear my emotional burdens, and I help many others to carry theirs too. I teach students who, in some cases, just go off the plane from countries where people like me are hanged - and I have the strength and stability to look them in the eye and not hide who and what I am. * Happy: I smile when I look in the mirror. I see a face that, for the first time in my life, feels like a face that is really mine and not a mask I'm looking through. I sing happily as I go through my day. I do my very best to be cheerful and warm to everyone I know. * Productive: I am financially self-sufficient and earned a Master's degree during my transition; a degree I never would have gotten otherwise. I pay my taxes, tip my waiters, and have enough to fill my belly and help a friend in need. So let me turn this around - in what sense am I mentally ill? I made a choice for my own well-being after 18 months of careful deliberation. That decision, so far, has brought me nothing but joy for its own sake (you can read my story [here](http://www.reddit.com/r/AskReddit/comments/2f27b2/transgender_people_of_reddit_what_was_life_like/ck591nt)). The worst parts are my worries about others and the occasional shitty treatment. I am not distressed, I am not impaired, I pose no threat to others, and I ask nothing but the courtesies already extended to half the human race. So where, exactly, is the illness?",,"Okay, that's a lot of information. Let me first clarify two things that I don't think I made clear in my initial post. Firstly, I do think that right now the best treatment is (obviously as needed) surgery and hormone therapy. Secondly, one of the worst side affects about those treatments is society's treatment of those people. I absolutely think acceptance and treating trans people like you would anyone else is the only moral path. Now, onto the crux of it. You're saying that it is not a mental disorder because you can see differences in the brains of people who are trans. I do not see how this follows. Does this not give more credence to the idea that it is a mental disorder? To put it quite simply, if you feel you need surgery or hormone therapy because of what you are thinking, is that not the definition of a disorder? And I think your last section actually exhibits part of my problem with the argument. You're saying ""look, I can function like a human, I don't have a mental illness!"" That's a huge problem with the stigma surrounding mental illness. I've been treated for depression in my life, which is clearly a mental illness. Are you implying that I can't function like a normal human? That I'm incapable of stability, happiness and productivity?",,
s062,strawman,t3_2pw9tv,MuffinMillitia,"They would have never attacked Sony if Sony had never made the movie. North Korea certainly was not faultless, but they were simply retaliating to Sony. In this case both were bullies, but Sony is far more responsible for the situation. However, North Korea's attack was not for a psychological purpose, while Sony's movie was somewhat directed at Kim Jong Un, and the movies creators certainly knew it would have a negative psychological effect on him.",,"lol, hang on. This movie only got made because the leadership of North Korea is well known for being *cartoonishly evil* and murdering its own citizens, among other things, like threatening to bomb the US with nuclear weapons, etc. So you're saying Sony is in the wrong here - because they responded to this long-standing policy of brutality and aggression by *making a movie?* [North Korea puts families of dissidents into prison camps for THREE GENERATIONS](http://en.wikipedia.org/wiki/Kaechon_internment_camp). Children grow up in prison in North Korea. Are you saying that despite this, we should be careful of Kim Jong Un's feelings?",,
s063,strawman,t3_2bamw2,[deleted],"What argument? That ethical arguments defending vegetarianism frequently sound naive? That's just an opinion not an argument, I think that simplistic ethical arguments sound bad not that they are universally bad. You can make a solid ethical argument for vegetarianism without sounding naive if you fully address the topic instead of trying to come up with a ""trump"" discussion point. You tried to trump all potential arguments by using the word ""suffering"" but you didn't adequately define or quantify suffering as it would be used in the discussion. You even attempted to assume suffering is quantifiable by claiming: and Are you saying that you have thoroughly looked through all of the food options available to people, the ways in which meat and vegetables are produced and shipped, the numbers of animals involved, the hardship involved in switching diets and used some secret method of analyzing and quantifying suffering to determine that not eating meat causes less suffering than eating meat? Is there a factor involved in assessing the suffering of, say, cows vs. humans? Are you saying that the life of 1 cow is worth the life of 1 human therefore killing a cow is always going to equal more suffering than instituting widespread changes to diet across the developed world? We don't even value other humans highly enough for that argument to carry any weight. Arguments over ethics are not easy ones to make, if you want to make a solid argument for not eating meat I think there are plenty of practical points to be made.",,"No, I mean the point is that you haven't made an argument, but that you should. (Hence my saying, ""Do you **want** to maybe make some argument""--it's an invitation to you.) You could either make an argument for why my argument is ""childish and naive"" in particular, or for why ethical arguments for vegetarianism are ""childish and naive"" in general, which would presumably also apply to my argument in particular. All I'm saying is don't assert shit wildly and then give condescending non-replies when you're challenged on your wild assertions. It's not clear why I need to ""define or quantify"" suffering to satisfy you, or why you think I think I can. Do you think there are a lot of relevant gray areas for what is or is not suffering? And no, I didn't assume that suffering is quantifiable. I assumed that reasons can be weighed against each other. This is not a controversial point. We can have one reason to do something and one reason not to do something and decide that one of those reasons is clearly stronger than the other. For instance, the fact that I'd enjoy it is a reason to get drunk right now, but the fact that it would impair my ability to work is a much stronger reason to not get drunk right now. Similarly, maybe the fact that I like the taste of hamburgers is a reason to eat meat, but the fact that it causes suffering is a much stronger reason to not eat meat. At no point do I have to assign points to levels of suffering or anything like that. Okay, if you need me to make caveats, I'll make caveats here. There are people in the world who might really need to eat meat for medical or economic reasons. These people have much better reasons to eat meat than either me or the rest of the vast majority of those living in the industrialized west, so they will be justified in not being vegetarians. It just so happens that the intersection between this set of people and those browsing Reddit at any given time is almost certainly very, very small. Now, having made it clear that I am not talking about those people, do you have any reason to think that ceasing to eat meat will cause more suffering than continuing to eat meat? Because the burden of proof is obviously on you to make that argument, and if you can't see that, I don't know what to say. (That is, merely claiming that suffering cannot be compared is not enough here, because it's enormously clear that ending the practice of meat-eating will reduce suffering immensely, and it's not remotely clear how ceasing to eat meat will cause *any* suffering. Now, maybe it will--maybe it turns out that if we stopped eating meat, every country in the world would fall into horrible economic chaos and brutal dictators would spring up everywhere--but it's simply unreasonable to expect me to anticipate every conceivable possibility here *without reason to think one is likely*. All I'm asking you for is reasons. Maybe, but I don't need to provide one unless you're gonna point out how you'll suffer by not being a vegetarian. No, and if it turns out that the only alternative to eating cows is eating people, I'll gladly change my mind on this issue. We don't? Who is this ""we""? Okay, then actually make the damn points, don't just wring your hands about how these practical points might exist and then decide that in virtue of these points, ethical reasoning is impossible, and we should all do whatever the fuck we want.",,
s064,strawman,t3_21id1m,Ramivacation,"I'm not going to read anything from an MRM associated website, just like I wouldn't read anything from stormfront or a KKK website or the Westboro Baptist Church website.",,"That's ridiculous. You're saying that only feminist sources are acceptable? All the information on that page is sourced, most of it from feminist websites - it's just collated on one page.",,
s065,strawman,t3_26gh41,Fidditch,"effective? maybe. Useful? generally not. at least if it misfires/misses the thing is still a bludgeon. With printed guns, and zip guns we are basically reverting to black powder days, where gangbangers(in the style of Edward Teach) carried several flint lock pistols due to the tendency for them to malfunction. Anyway real guns aren't going away anytime soon. The US government has no idea how many guns exactly are out there, and there isn't any reasonable way to collect all of those they know of, without the public bitching about it, presently and for at least the next couple decades, it's impossible to do.",,Um Australia did it. Are you saying the US can't do what Australia already successfully did?,,
s066,strawman,t3_1y6r6n,mybustersword,"the very nature of God is as the Creator, the creator of all. like others have pointed out- you cannot pick and choose aspects of religion you like and dislike, pick what you want to believe and don't want to believe. Therefore, to believe in God is to accept him as the creator. And as the creator, he *must* play a functional and important role in the world. Just as you cannot acknowledge you are ruled by a king, and not give any weight to his authority as such. I would argue why even have such a belief if you do not fully give weight to it and its not functionally relevant? As a scientist, your duty is to discard all that is not functionally relevant. The very nature of your job is to test variables in a controlled environment with as little interference from outside variables as possible. You not only want to discard irrelevant data, but also the control for ""acts of god"" and happenstance, which to be fair by following the belief in god, is not possible to avoid. The mere fact that you can test again and again and get relatively similar results in a pattern shows me there is little room for outside forces; the very nature of science exhibiting control over the environment- that goes against the nature of God.",,I'm not sure I understand your second paragraph. Are you saying the fact that a given experiment consistently yields the same result is proof that a god does not exist? Because some outside force has not intervened to alter the outcome?,,
s067,strawman,t3_2s311o,kingpatzer,"Nope. You're simply wrong. Public education was created because those wealthy people needed a literate workforce. And they still do. Ignorance truly is bliss, isn't it.",,History proves otherwise. Are you saying education isn't important?,,
s068,strawman,t3_2xhx6v,CurcleofLife,"These ARE very good points. Keep in mind I'm gonna criticize some of it, but you'll get the delta as I feel you changed my attitude about this and disproved several of my statements. Good on you. ""Morality is bullshit. Life is made of actions and consequences."" Well, objective morality is bullshit at least. But saying all that matters is the amount of utility is just as axiomal as saying fairness and truth is all that matters. You appear to be assuming utilitarianism while I appear to be assuming some other morality, but I guess are equally as valid as is there is no objective measure of morality. Fair enough. ""Morality is bullshit. The only obligation you have in regards to using gay as a pejorative is the obligation to yourself, to not participate in hateful speech or poison your own mind by using pejoratives in the first place, and those around you who may care one way or another (dependent on whether you care that they care)"" You appear to be assuming that it's hateful speech, while basically the core of my argument is that using Gay as an insult, under the second definition, is not hateful. You appear to be trying to disprove that by simply assuming the opposite conclusion. ""Those two things are not mutually exclusive."" Fair enough, one of the reasons you're getting the delta. ""Yes, it is. One should not attempt to construct a line of logic in order to justify responding to a reasonable request with what is essentially ""Fuck you. I do what I want, and ""morality"" is on my side!"" As I've said it's very, very simple and morality has nothing to do with it at all. It's about respecting the requests of others."" Fair enough. ""I'm also not sure that the consequences for refraining from using a word, when you've been asked not to use that word, are that significant. Tell me, what dread and horrible events will befall an individual who fails to use the word gay as a pejorative the requisite number of times?"" I didn't explain this correctly. I agree that there are no consequences for refraining from using the word Gay as an insult. What I was saying (or attempting to say, as I didn't really express this adequately) was that whether it is morally wrong is indeed significant, because we are punishing people for saying it as an insult. Whether these punishments are justified are indeed significant. Of course, I was incorrect here when I said that people were punished in a significant way. Thus, my point is entirely moot, I guess. ""You're gonna have to back that one up with a source, more than one actually as you said ""People"" Did a quick Google search myself ""Expelled for saying gay"" Found a whole bunch of articles about gay students being suspended for being gay. And I found one case, in repeated articles about a kid in Texas getting suspended for saying ""homosexuality is wrong"". But none for using gay as an insult. Show 'em if you got 'em."" I was entirely wrong here. You appear to have utterly refuted me on this point. In my admittedly weak defense, the inspiration for this CMV came a few weeks ago, when, in health class, the teacher passed out a news story about some girl who called some kids gay and then got expelled. Everyone was like ""the punishment was a little harsh but still she shouldn't have said that"", I disagreed and thus started this CMV. I assumed from this story that this happened frequently, and I was utterly and completely wrong. ""You should probably take this question over there then. They're more well versed in the jargon you're using, and willing to divorce their minds completely from any sense of reality in order to come to conclusions that most others arrive at very easily."" I'm VERY well versed in this jargon (I've learned a lot about formal logic), but I will consider reading some more philosophy. Thank you for changing my view, or at least showing what I thought was relevant was basically an abstraction. Thank you for engaging as long as you did, and I'll take your words to heart. ∆",,"I would like to point out that Yourmothersunderwear's argument is much, much more worthwhile than your counterargument. You are saying that Yourmothersunderwear can't simply claim that it is offensive (despite many people in this thread giving reasons for it being offensive). Your entire argument though, can be boiled down to ""It isn't offensive because I claim it isn't offensive"". You say that the intent matters, but if intent was the only thing that mattered than language as a whole would be moot.",,
s069,strawman,t3_21pkk6,Proxystarkilla,"I have autism, et cetera, yadda yadda yadda. I've seen a lot of people want to abort their kids because they'd be born with Down Syndrome or autism, or similar things. I know people that don't know I have autism and they post pro-Autism Speaks (A ""charity"" that aims to cure autism. i.e. no more of us) stuff on Facebook, and I instantly hate them. to me it's incredibly uneducated and borderline evil. If I've known you a while and I discover you feel this way, I part friends. The only people I would omit from that are the few friends I have that are so close we're family, and my actual family. CMV",,"If you think that those with autism should not be aborted, are you saying that their lives are more valuble than normal infants? Parents can only raise a limited number of babies and if they abort an autistic fetus they could then have a normal fetus to replace it. I have Aspergers, recently classified as a type of autism, and have a very cold view of the value of human life. Fetuses and infants are worth very little and are easily replaced.",,
s070,strawman,t3_2izjkk,Since_been,"If you can that easily believe in microbial life elsewhere in the universe, then you should easily be able to entertain the idea of intelligent life, given the size of the Universe. The Universe is so large that our human brain is incapable of comprehending the size. Even if you were to write down the size in some form of measurement, that you could read and physically see how large it is, there is still a good chance you won't comprehend it fully. The Universe that we can see contains an estimated 100 billion galaxies, each containing hundreds of billions of stars of their own. Even in our own neighborhood, inside our own galaxy, we have found examples of exoplanets residing in the habitable region to their host star. Given that, there are probably many more in our own galaxy. If the conditions are right, life thrives fast (relative to the age of the universe) and tends to have a snowball effect. This is where I would heavily disagree with him. The Universe is so large that it is likely that intelligent life resides in independent ""islands"" that are simply too far apart to ever find each other. Even if some intelligent life form figured out how to travel at the fastest possible speed (speed of light), it would still take billions of years to travel across the universe. If we were to assume that other intelligent life isn't that dissimilar from humans, there is no chance they could reasonably travel farther than neighboring stars, let alone other galaxies. Let's think about if aliens have in fact come to this planet. Why would they have any interest in anything we could possibly have? If they were able to successfully travel across the galaxy, they are insanely more advanced than we are. It would be analogous to humans staring at ants building ant hills. What's the purpose? Maybe to learn, sure, but at that point they are well aware of other intelligent life in the universe. Which also crushes the idea of alien spacecraft crash landing on Earth. To me, it's just absurd to believe this. We're talking about a hyper-advanced alien race that is capable of safely traveling enormous distances across an extremely harsh and large environment, they surely know aviation to the point of it being obsolete to them.",,"Congratulations! I wouldn't say that my view has been completely changed (no offense, but you're a stranger on the Internet and you could be just making that up) but I'm definitely a little more open to believing the possibility that there could be aliens out there if what you're saying is true. Edited to include the &#8710;.",,
s071,strawman,t3_1ty0ux,DoubleFelix,"Drugs change the way you metabolize/store energy. A lot of energy can simply be expelled through waste, or burned through resting metabolism. Even simply changing the gut bacteria of mice can turn a mouse obese, or turn an obese mouse thin, *when given the same amount of food.* http://www.nature.com/news/bacteria-from-lean-cage-mates-help-mice-stay-slim-1.13693 The ""energy in, energy out"" mantra isn't very accurate because of the immense complexity in your body's system of spending, storing, and rearranging energy. Some people are really, really efficient at saving every last bit of energy in their stores (which is fat), whereas some people burn nearly everything they put into them. Some of these factors can be changed with exercise, but some cannot (like gut bacteria). I have a friend that literally cannot gain weight no matter how much he tries to eat. If giving in to food urges is all it takes to gain weight, he should be fat as a king, but he's not. He's a twig.",,"So, all in all, you're saying that these people are eating improperly.",,
s072,strawman,t3_2jd1e2,MaxwellConn,"Plenty of websites find ways of embedding advertising inside of their main content. As an AB user, I see Reddit's adverts for subreddits in the sidebar all the time. Other sites like FB and Tumblr put the ads into your feed along with content you request. While it's easy enough to block that content in a desktop browser, it's much harder to do so from within a smartphone app. Now, other sites like news sites and blogs have a way out as well: block content to people that use ABP. [Ars Technica](http://www.niemanlab.org/2010/03/how-ars-technica-made-the-ask-of-ad-blocking-readers/) tried this out a few years back, and technically, it was successful. DuckDuckGo has the same ability as well. As long as site creators can detect that browsers have ad-blocking software installed, they've always got the option of demanding users disable the software if they want to see content. Not very user-friendly, but if the only other option is shutting down, we'll probably see more of this in the future.",,"Interesting. I thought ad block still blocked those ads, but I can see how it would be plausible. However most social media websites sell patterns of interest along with ads (using that data to target ads). Constant disabling of abp would make this question moot... Basically are you saying I should get in before it's too late?",,
s073,strawman,t3_2qy21w,looklistencreate,"This is known to happen, I won't lie. Know your partner, do double-check, avoid sex with people you don't trust, etc. Vasectomy is a good call, if you're that certain about it. And don't trash due process for being inefficient. We're trying our best while still preserving everyone's lives. I still don't think your situation is worth taking children away from poor mothers or forcing kids to be raised in households that can't afford them. That's worse than what you have to go through, and I can't realistically see any other way around that.",,"Can you really know someone? People get murdered or worse by their partners and family everyday. I trusted this girl, and it almost ruined my life, are you saying that I should only show love and and affection to people I can 100% trust? Due process doesn't give me social skills, friends, or normal life that I should have had. A poor mother is better off than a poor man who pays child support. She has shelters, more (safer) job opportunities, plenty of support financially and morally. A man in my scenario, gets dirty looks for a mistake he made, so does the woman but he gets much less support. I can write a thesis on why women have a better life than men. Really consider all the things women have available to them, and all the bad things that can happen to them. Now take away the benefits but keep the risks and increase them when it's a man. Now please tell me how it's unfair for a man to be able to legally be able to walk away when a woman can. A deadbeat is a deadbeat, male or female, if it can be abused it will. Men and women need to be equal in all matters, and until women have to sign up for the draft, and be laughed at for being abused, as well as all benefits afforded to women are afforded to men the two genders will never be even close to being equal.",,
s074,strawman,t3_2unn7n,ephbomb,"What I am referring to when I say modernity is the political, social and economic order which rose to prominence after the European enlightenment. Its features include the global rise of liberalism, colonialism, and capitalism. My argument is in line with the works of Eric Williams (read: capitalism and slavery) and Aimé Césaire (discourse on colonialism). Both works are easily googlable. The rise of modernity, we are told, was synonymous with the 'civilizing' of the world, laying the foundation for the great and good modern nation states. On the contrary, the project of modernity was so suffused with barbarism that it couldn't possibly be so. We frequently underestimate how foundational slavery was to the construction of the modern era; if anything, it was modernity which 'barbarized' (barbarianised?) the world. Slavery was at the core of modern colonial expansion; there was no work done during this period that did not rely on regimes of unfree labour to render cheap commodities available for the global market. Whether it was sugar, spices, gold, silver, iron goods, molasses, rum or any other commodity you can think of, there is a link to the economic institution of forced unfree labour (what we call 'slavery'). The above commodities were traded for people in western Africa, alongside iron goods (chains, manacles, locks, guns, ammo, gunpowder etc) and were used to collect more captives to sell. These captives were then forced through the 'middle passage' to America. Once there, the captives would be sold and traded for raw materials which were transported back to the mother country (until American independence, when they started exporting their own manufactured goods. Again bolstered by unfree labour.) For more information on this process, google 'triangular trade'. Entire cities were born and grew fat on the trade in slaves: London, Glasgow, Liverpool were all built as manufacturing centres for slave-labour raw materials like sugar cane, cotton and raw minerals. Entire nations grew fat on the trade in slaves (I'm looking at you, Canada, U.S, Australia, New Zealand etc etc etc). Science, also modernity's child, is not exempt. Entire fields of 'science' were created to justify these racialized social hierarchies: the most common example being phrenology, but there were plenty more. (For more information, google ""Human Zoos""). Many modern financial institutions had their start in the slave trade, including banks (Lloyds, Barclays), insurance companies and financial speculators. Not only was slavery a contingent aspect of modern capitalism, but so was theft. Entire nations of people were displaced through genocide, rape and other forms of violent coercion (Chapter 1 of Zinn's 'A People's History of the United States' is a good starting reader there). Columbus and Cortez,(not to mention Washington and MacDonald a century or two later) enacted the genocide of millions of people simply by virtue of having better weapons, sharper tactics (cause, y'know, the crusades made people pretty hard) and biological warfare. These technologies were all deployed to steal land and resources from sovereign nations. It's like the dark lord Sauron washed up on the isle of Hispaniola and decided to create 'New Mordor'. There is nothing laudable about the processes which built up modern nation states, and the continuing effects of that constitutive violence undermine Liberalism's claims to equality. Life may not have been perfect for indigenous peoples of the Americas, but we can safely say that a 'peasant' living in Inca or Aztec territory probably had a better quality of life than a European of a similar class. Corn (which btw was created by the agricultural ingenuity of Indigenous south Americans and is still considered the most influential act of bioengineering in human history) made it possible to feed millions of people. Alongside tomatoes, potatoes, squash, and beans of various kinds, there was no need for animal protein. Thus, indigenous south Americans were not exposed to diseases like smallpox, which are a direct result of farming animals. Also, many indigenous cultures operated with a form of democracy (or federational government-like structures) where individual rights were manifest, though they were not articulated with the language of Liberalism. Speaking of the contemporary period, very little has changed. Global capitalism still rules the day with an iron fist; neoliberal financial institutions oversee the creation of export-centred economies in poor states which are unable to meet the demands of their populace. The populace, desperate, must migrate to find markets that they can usefully engage in. Temporary foreign worker programs in rich states (like Canada) are happy to take them in, benefit from the economic surplus they create while keeping wages criminally low and barring permanent residency. (Google 'Harsha Walia' for details of this process in the Canadian context). This is barely better than slavery, which also served to keep the price of commodities down for global production. TL:DR Slavery may have existed before capitalism, but capitalism wouldn't have been born without slavery. Although the tools are slightly different now, the logic of capitalism/modernity remains similar to its terrifyingly evil roots. It is based on the enslavement, alienation and displacement of indigenous peoples from their traditional lands and resources. As such, there is no morally tenable argument in favour of modernity. Edit: /u/nevrin has changed my view. The premise of good v. evil is a weak one. Rather than ""Modernity is Evil"" I ought to have said something like: We, as the beneficiaries of modernity, ought to immediately cease the valorization of western liberal norms based on the violence with which they have always been concomitant. We ought to reconceptualize and revitalize our notions of rights by engaging with Indigenous epistimologies, which themselves are continually supressed within the current dominant order. In other words, we have a lot to learn from our suppressed past. We already need to change things drastically if we (humans and ecosystems) are going to survive this century. _____",,"I just want to clarify here, you are saying that the political, social and economic order which rose to prominence after the European enlightenment is evil? I'm not sure if it is possible to debate this concept as it takes such an incredibly wide range of schools of thought, societal actions, individual actions, and disparate events and lumps them all together. I would appreciate some sort of definition as to how you are defining 'evil', because it is such a nebulous term and without it I don't know what you consider good(maximization of freedom? standard of living of living for greatest number of people? everyone has their own). My problem with your post is that by lumping together so many different things it makes it difficult to convincingly argue against, I could just as easily say that 'humans are evil' because they brought about the rise of modernity, but it doesn't leave much room for discussion.",,
s075,strawman,t3_2156ec,fdar,"I think it's exactly the argument you're making now, since I don't see a line being drawn in your argument to apply to only some government spending. Order where? The military is not supposed to operate domestically. And are you saying roads in general are not necessary, or just that they could be privately built? Roads are a natural monopoly, it doesn't make sense to have a dozen parallel interstates to enable a competitive market, so how do you envision a free market working there? How do you envision public goods (in the economic sense) and natural monopolies working in a 'possible to work out from the government' model?",,"Order in the country in general. It should only be used if we are invaded or something. Roads can/should be privately be. I see no reason why that couldn't work, but if I grant that it doesn't, the companies can work together to create one system. You have to be more specific in general for me to answer the last part.",,
