pair_id,type_candidate,conversation_id,speaker_A,claim_A,challenge,claim_B,label,notes
m126,motte_bailey,t3_304vk8,TehRedBaron,"Why would you have obligation to a parentless child just because they exist (or to any other given human, for that matter)? You have some degree of obligation to your ancestors because they created you. I'm not saying you have to have a child, but I do think if you have one, there's very solid reasoning for biological over adopted. You disrespect your ancestors by ending their biological lineage in favor of someone else (someone else who was an unfit parent, at that).","I have no obligation to anyone just for ""creating"" me. I didn't ask to be created. I would have been fine not being created. Human beings who actively exist in the present have obligations to make one another's lives better. What these are are debatable, but I would say any one of them supersedes any obligation we have to someone who no longer exists and will never exist again, who will have no understanding of whether or not their wishes are fulfilled. I also believe that the more important aspect of human lineage lies in the consequences of our actions than in our genes.","I'm not saying that this is what you *must* do. I'm saying that it's entirely valid rationale for the biological-children side of the argument, as opposed to adoption.",,
m127,motte_bailey,t3_1ty0ux,Phantom0808,And being habits you can change them it is completely up to you.,"Absolutely. Just some habits are harder to break for some people. I've done it before and it's NOT easy, at least in the beginning. External circumstances caused me to fall back into them, and I'm having a difficult time getting back on the horse, but I know it's doable. EDIT: Just because you can CHOOSE to end them doesn't mean it's easy to do so or that people will change overnight. A lot of habits are things you grew up with and have engaged in for decades. I have friends who are recovering drug addicts, and even rehabilitation centers will talk about certain habits that come about from drug use and how falling back into those habits can cause them to relapse. Part of rehabilitation is learning how to shed bad habits and adopt more constructive ones.",I never said it would be easy however drug addiction is a completely diferent thing. That is a physical dependance yours is purely mental,,
m128,motte_bailey,t3_2c1q5v,bananaruth,"And my uncle calls black people the n-word all the time and doesn't consider himself a racist. I'm not saying you *are* sexist, but perhaps you could spend a bit of time on introspection considering it seems several people/groups of people think you might be.","I don't believe those people have good reasons for believing that. I believe they think that because I'm critical of feminism, and very often feminists conflate criticism of their ideology with sexism.","Perhaps that's it. Maybe not. Maybe you were just rude. I don't know you. All I'm saying is that if several different people call me selfish (or something like that), I generally take a bit of time to evaluate why that may be and if I may be wrong. Your current post here seems like a decent start, although I don't think you've changed your view any yet.",,
m129,motte_bailey,t3_2yrv0y,Tauchfischstaebchen,"I think there is no reason why we should have different public bathrooms for different genders. Both men and women use the stalls and I see no problem if the stall next to it is used by someone of a different gender. As for the urinals, I think with partitioning walls between the urinals, that prevent any accidental side glances onto anyones exposed genitalia, there is no reason why a woman shouldn't see the fully clothed back of a man while he's peeing. Not dividing bathrooms would be slightly more practical in regards to room and plumbing and it would benefit transgender people. Also it might help us all to get less weird about the opposite gender and their bodily functions, if we shared a bathroom. Although my main point is not, that the non-dividing would be tremendously useful, I just think there really is no good reason to divide bathrooms by gender. Alright, I'm ready to have my view changed! **Edit:** What I've learned so far: 1. I come from a pretty privileged point of view when it comes to sexual harassment of any kind. This leads me to believe that a neutral bathroom would be fine. Apparently the experience of people (mainly women) in other parts of the world is vastly different, so it probably wouldn't be fine there. 2. US bathroom stalls are parted by very small walls, while bathroom stalls where I live are often parted by full size walls reaching to the ceiling and floor, so any kind of peeping over the stall wall would be much less of a problem around here. 3. I need to work on my use of sex and gender. In my language they are both the same word, we don't have that difference, so I mess them up a lot. I will work on that. 4. People are surprisingly passionate about who they share a bathroom with. 5. People are irrationally afraid of hearing women poop. Get a grip, women have bowel movements too! People are also irrationally afraid of someone hearing them poop. Get over it, everybody shits. So, view changed? Kind of. I recognize that my experience is not universal and that it would be a much bigger problem in other places. I still think that unisex bathrooms would work fine around here and I heard many examples where they do work fine. But in other parts of the world, where the real and/or the perceived danger of sexual harassment is higher it is different. _____","I can only speak for the us. In my country we still struggle with a rape culture and male privilege. Women are still too fearful to share a bathroom with men and trust they won't make threatening comments or actions. Sex and gender can mean the same thing, as in male versus female. In the right context you could use the words interchangeably. But sex has many meanings. People are passionate about who they expose their most vulnerable activities with in general. Using a bathroom can make someone feel very exposed. In my area of the us, we're starting to see a 3rd type of bathroom in busy locations. Not only is there women's women's and men's but there's a single stall private room. Sometimes it's labeled ""family"" and sometimes it simply has symbols of man/woman/wheelchair. It's used by families (mom can bring stroller in and change baby). They're typically very large so it may work for handicapped. anyone who wants it can use, for example transgendered. People seek privacy when they attend to bodily functions. After all, if they didn't, there wouldn't be doors or stalls in any bathroom. Surely you can agree you'd prefer to have a door you can close when you're pooping? How much privacy is simply a function of the culture and traditions of an area. You may not understand why things are done a particular way, but you do need to respect it's their way. If it's not causing you harm (which this is not), it shouldn't bother you how bathrooms are segregated.","I never said it bothered me. My initial statement was, that it is useless. Not that we need to change it. That's a big difference, I think. Other then that: yes, you are right. Also I like the idea of a third bathroom option :)",,
m130,motte_bailey,t3_37fpzj,PumpkinDevourer,"There are many different systems in place that are preventing humanity from focusing on environmental issues. We still can't seem to stop killing each other in massive numbers over flags, ancient books, cycles of vengeance, and property disputes. There are many among us who still believe that those who don't share a common phenotype deserve enslavement and death. There are systems in place that keep the poor in poverty all over the world. And yet. We have still in the past 20 years alone have continued to take steps in correcting the errors of our ambitious industrial ancestors. In spite of every other problem humanity is facing, our scientists across the globe still manage to make strides towards an earth that will sustain us. Just imagine for a moment what a modern period of peace time would do for us. Imagine if we found the same drive we had during the Space Race and put it towards cleaning up our energy. Call me an optimist, but I feel that humanity is doing pretty well considering the number of problems we're facing all at once.","I live in a rich country. I have security and surplus even though I'm below middle class. I feel my country is doing ""well"". But looking at humanity as a whole, knowing how terrible life is for so many millions of people all over the world living in oppression, slavery and misery. Worst of all, I know that my security and my luxury come at the expense of all those who suffer. I feel humanity needs to do a lot better for everybody instead of only the few before I can claim that we're doing well.","I didn't say we're doing perfect all over the world, I said the exact opposite. I feel that as a whole, we're certainly doing pretty damned well considering the sheer number of incredibly complex problems all over the world. On top of all this, we are still trying to save our biosphere.",,
m131,motte_bailey,t3_320ncw,Madplato,"I mean, from your perspective, it is reasonable to expect hard proof for such claims, although, I feel obligated to point out that absence of evidence isn't evidence of absence. That being said, I think you're missing something important by dismissing them outright. They might not constitute, scientifically speaking, evidence of god or his celestial bureaucracy. However, they're obviously important to your mother and thousands of others (including plenty of scientists). It's very much real to them and considering that as nothing but a delusion is, I think, a mistake. Religion is an universal human construct. It's fascinating. The religious experience is equally fascinating. Seeing it as nothing but a bunch of fairy tales is a fundamental error of scientific smugness, pardon my french. That's what I meant when I advised you to be more open to alternatives schemes of comprehensions. If anything, and that's nothing but my personal opinion, I feel like both stance (strict atheist logicism and some form or other of religious belief) require some amount of faith or belief and that dismissing one with the other is using a faulty shortcut.","I'm not making the positive claim that there is no God or demons, I'm making the claim that it's unreasonable to believe in them, in which case absence of evidence does make it unreasonable. This is the ""it's right because it's popluar"" falicy, popular among scientists or no. Our brigtest minds thought we were made of 4 or 4 elements for a long time, but they were wrong. I dismiss Argumentum ad Populum arguments because they are logical fallacies, and it is reasonable to dismiss a logical fallacy. I will engage their arguments, I will not be persuaded by a flood of opinion, because opinion is not knowledge. This is not arrogance or smugness, it's provable that opinion is not knowledge, and I'm seeking knowledge. http://rationalwiki.org/wiki/Argumentum_ad_populum If you are interested in continuing the discussion, I'd like to ask: can you clariy what you mean by schemes of comprehension, and show me what faith you believe a naturalist requires?","I'm not claiming they are right because they are many, you're jumping to the quick and easy conclusion here. I'm claiming religious beliefs is a fascinating human construct and that there's much to be learned by taking religious experience seriously (not the actual belief, but the fact of *believing*). I'm not saying it's true because they believe, I'm saying it's true that they believe and that simply treating them like children produce no interesting knowledge. There's a difference. What I mean by scheme of comprehension (because I don't have a more accurate translation) is that religion, like science, are different way of understanding the world. They necessarily include a certain set of values (faith, scientific method, etc etc) which will necessarily clash with one another and make comprehension difficult. Some will say there's a natural hierarchy to these schemes, but I believe that's narrow minded. As I for the second part, I think dismissing anything that cannot be perceived, measured or accounted for by our current means as non-existent is as much faith as belief in a God or the spaghetti monster. I think our current understanding cannot allow for anything more than careful and reserved agnosticism. Steadfast atheist belief, to my eye, are as unreasonable as any religion.",,
m132,motte_bailey,t3_1vga02,MooseAtWork,"Because *Star Wars* **had to** deal with real world variables beyond their control pretending they're fictional, whereas *Gravity* **opts to** deal with fictional variables of their own choosing pretending they're real.","I don't understand. Didn't both films have to deal with both? Why is it worse to shoot actors and arrange them in a digital environment than it is to shoot model ships and matte paintings and composite actors into them? Maybe you could give me better examples of the ""variables"" you're talking about.","I'm not saying it's ""worse."" At all. From the first paragraph of the OP I acknowledge the artistic value that exists with digital cinematography. What I am doing is recognizing the difference in ability required to do either successfully. I wouldn't judge a poet on his ability to write a song, so I wouldn't make value judgments on the comparison of the works of poets and songwriters. I'm simply saying they're different and should be judged separately.",,
m133,motte_bailey,t3_1ahaci,unsettlingideologies,"Yeah, I guess I usually think of it in terms of small scale conflicts. Waco is exactly the example I and in mind when I started thinking about this. So, when folks are arguing in favor of the need for personal firearms because of the threat of tyranny are they really imagining a large scale revolution? I guess my problem with that is that a large scale revolutionary movement would first require slow base-building, and the U.S. government has historically been very good at infiltrating and disrupting movements that it viewed as potentially threatening its authority. (For example Cointelpro during the 60's and early 70s.) I wonder if dissent would ever realistically be able to reach the point of revolution without being violently quashed.","Waco is an example of what happens when the population is armed. The government couldn't walk in the front door, so they elected to escalate the situation to such an extent that 76 civilians died in front of the world's media. It was a public relations nightmare that severely damaged the public's trust of the government, ignited the militia movement, and was the reason for the Oklahoma City bombing. The government cannot afford another Waco and I would hope that the citizens of this country wouldn't allow it again. I don't know what people imagine, but it doesn't have to be full scale. There still remains the problem that the police are willing to kick down doors and murder civilians because of drugs, but I think the American public is starting to realize just how extreme the 'war on drugs' is.","It's interesting that you say this because in my experience people have usually talked about Waco as what happens when a small extremist religious sect faces off with the government. I'm not saying it's what I think of the incident. Frankly, I don't know enough to judge. But in my experience, it never seemed like this was collectively remembered as a government failure. I totally believe you that it was PR nightmare at the time, and that it influenced the modern militia movement. I just don't know if it had a large scale effect on folks' trust in the government.",,
m134,motte_bailey,t3_26zc51,jjjxkzvwwv,"Thank you for this information, I'll see if it makes sense. Let's look at this from a different angle: My friend is really huge roguelike-games fan. Roguelikes require really huge amount of attention, ability to remember lots of very complex rules, all your and your opponents strengths and weaknesses, and have to understand clearly consequences of every your action. Even smallest bad decision could mean your 20+ hours of very complex game will be ruined, and you will have to start over. But still, he is **better** than average adult who plays this game. I know life isn't a game, and mistakes may cost much more than lots of wasted time and energy, but if we look at abstract idea of not making or dealing with already made mistakes I think he is excellent at it, no matter if it's a real life mistake, or just a game. My point is, even though it may seem harder for kids to deal with mistakes, they are not inherently worse at it than adults.","We could just as easily say that there are people who are better at driving drunk than most people are driving sober. That doesn't change the fact that on average, driving drunk is unsafe, and should be legislated against.","Now, my argument shows that ""all kids can not biologically make good decisions"" is false at least for some kids. But in fact, history shows that kids can learn not to make mistakes better than grown ups. Let's look at a very complex ancient game: Go. There are no professional players who started playing it after they were 10. And this game is all about making good decisions and punishing your opponent's mistakes, and another example of game where one bad decision could ruin everything. It means that children has more chances to be a strong go player than adult. Another example is piano playing, where one badly played note could ruin your career. Again, there are almost no very good pianists that started playing as adults, and even less professional pianists. I'm not saying that every kid is a genius, but if that many kids can learn basics of piano playing or game of go easier than adult, why can't they, with right exercise, learn to have healthy relationship?",,
m135,motte_bailey,t3_372yuk,myfunnies420,"Thank you for your response. It is a bit loaded but I'll try to address your the key points as best I can. I didn't know of any practices where permanent ego death and the giving of part of our selves to the control of another (which is a pretty nonsense sentence) is the ultimate aim. Buddhism, Shintoism and Hinduism all aim to unify the heart and the mind, albeit in different words and ways. Is it the case that Scientology is about dividing the two? Attempting to deny the most powerful parts of our brain seems unwise. My focus was more that the awareness gained from the experience of the silence of the ego and identity is essential in creating a ""lens"" that allows for thought that isn't centred around the self (the ""I""). And as you may have exposed in how I've phrased this whole thing. I'm asserting that anything that starts with ""I"" is sympathy rather than empathy. You're not taking on the pain directly, you're imagining the pain in terms of yourself. ""I feel bad for them."" ""I am glad that is not me."" ""I wish..."" Are all examples of sympathy rather than empathetic compassion. It is a love of self rather than another.","That was gracious of you - I did lay it on a bit thick! I can not see how either being sympathetic or empathetic, or having love or compassion for someone, can be done without reference to (or in isolation of) one's own ""I"" or ego - as it is one's I/identity/ego that *does* the loving and is sympathetic or is empathetic. I have a pride-ful ego when I do x, a shameful guilt ridden ego when I do y. Likewise, my ego exists in a state of sympathy or empathy with another when my imagination recreates and understands their values/evaluations, which allows me to think/feel what they are thinking/feeling. In the case *where* a person might have an irrational ego that does not value what's real or true or it's capacity to imagine or think and instead whose thoughts are merely a reaction only to it's own emotional state - that person could well benefit from the practise of ""silencing their ego"". But such a person could even better benefit from valuing reason over emotion as the proper means to knowledge, and from learning that emotions are a *consequence* of values which can be chosen (and changed) using reason. As for the case where a person already has a healthy and rational ego, the belief that suppressing it or quietening it leads to greater value can be downright dangerous, making them doubt the validity of their selves and their values when they were perfectly fine!","Ah, bummer, I forgot that ""love"" is such a slippery term. There are for sure multiple forms of love, there is a concept that split the word into two core categories as love with or without attachment. Googling ""love without attachment"" brings up a lot of interesting results. The idea is that usually when people say love, they mean with attachment, eg... I love cheese, I love my mother; you love these things because of some value or relationship to your ego, ergo your ego has a love for them. Love without is considered the pure form of love, and it certainly doesn't come from the ego because it has no value associated with the object and the id has nothing to gain. It is possible to use the ""without attchment"" form for all the conscious beings we love with our ego, and old spirituality based beliefs tend to suggest that this is a healthier form of love. For that reason, I think we may be talking about a different form of love, and I sincerely apologise for not being clearer by what I meant by this word.",,
m136,motte_bailey,t3_1hzs2p,disgustipated,"Really? That's all you've got? Attack me personally because you don't agree with what I say? I'm being honest. I have a very strong feeling of [kin selection](http://en.wikipedia.org/wiki/Kin_selection). It's not like I kick other people's kids. As for garbage logic, [maybe](http://www.cep.ucsb.edu/buller/cinderella%20effect%20facts.pdf) [you](http://www.edmontonsun.com/comment/columnists/2010/07/02/14594536.html) [should](http://www.sciencedirect.com/science/article/pii/S0169534701023552) [educate yourself](http://xbiblio.ecologia.edu.mx/biblioteca/Cursos/Ecologia/Grafen_Alan.PDF); I didn't make it up, this is a common topic among evolutionary biologists and psychologists. Of course, with your attitude, I'm guessing you don't ""believe in evolution"", considering your lack of knowledge with regard to kin selection. Finally, your personal attack - ""people like you"" - is really uncalled-for in CMV (aside from being an easy, small-minded insult), and most certainly wouldn't get anyone to change their view. Since you offer no discussion nor basis, nor citations or even common usage terms that one could use for reference, I'm left to assume you're just getting kicks from trolling CMV.","Assume I don't believe in evolution? Kin selection theory being used to argue against adoption...wow, so ridiculous. HA, it's people like you that give evolutionary theory a bad name. You're taking a descriptive system and making it prescriptive. Just because there's a documented evolutionary tendency towards a behavior (e.g. violent aggression in males) *doesn't* mean that the behavior is necessary or unavoidable. It *certainly* doesn't justify that behavior. Culture has conditioned us out of countless evolutionarily spawned natural tendencies. Your response reflects a position that says aggression toward unrelated children is an unconquerable natural tendency. Your reasoning for this is: 1) You feel this aggression, a lot, 2) it's evolutionary sensible and demonstrated. Neither of these are arguments as to why it *should or must be that way*, you'd have to go further and explain why it's a fixed aspect of our nature (tough argument ahead of you). edit: You strike me as someone who wants desperately to fancy himself a 'dominant male' and employ kin selection theory to justify your idiotic position against adoption.","That's nice. I never said anything about behavior, I never argued against adoption other than to suggest there's more to it than social or economic considerations. Refresher: OP stated, ""I think not adopting kids when you want to have kids is a pretty criminal thing to do."" You're saying that I'm attempting to justify the behavior because it's necessary or unavoidable, to use your words. You bring up that my position says agression toward unrelated children is an unconquerable natural tendency. But I said, ""There's a big, big difference between, ""a kid"", and ""my kid"". I feel a natural aversion to other children, but a strong attachment to mine."" My intent was to use a common feeling shared among many men that has echoes back in our original development, sometimes evident in other groups of organisms. In no way did I intend to state support for whatever it is you're accusing me of. I wanted to let the OP know that there's a lot more to ""Hey, it's criminal to not adopt"" than just who gets what kid. I have no opinion on adoption, really. My first wife was adopted; we got along well. My best friend back down South is adopted, too, come to think of it. I really don't think about it, actually. You're so far off base as to who I am, that your accusations and assumptions are just silly. I apologize if there's some hot button regarding kin selection that I pressed, but honestly, your first ~~attack~~ reply to me wasn't meant to foster rational discussion.",,
m137,motte_bailey,t3_29o0d3,sebastianjoejr,"∆ Yeah I will admit that it changed my view on that particular aspect. It raises further inquiries to the balance between charisma and written text. This opens the door to let a sub-argument come in from the Christian community itself. The Christian community have broken themselves up into subcategories of their religion, with examples such as Pentacostal, Baptist, evangelical, etc. They all argue that their interpretation of a certain doctrine of texts is the most accurate. I guess I would need to clarify which doctrine to fully pay attention to, to which I would say Evangelical. My main source would be the movie *Jesus Camp* , to which anyone can view if they have a netflix account. If you watch that movie you can see why these pastors have as much control over their mass as Hitler did over his. Does a person have the ability to control a mass with their beliefs because of the framework that acts as the infrastructure of the belief? Or do they have the ability to control a mass because of their charisma? I personally believe it has to do with the framework. As I've participating in this debate I've heard some people mention the parallels my argument has on *Mein Kampf*. We've already seen how effective *Mein Kampf* is, if the *Bible* has a similar structure, couldn't it be seen as a propaganda device on par with *Mein Kamf*? Nothing happened to me. I was an observer watching for years as more and more of my friends converted to southern baptists. As each one was born again, it seemed like they completely lost their sense of thinking for themselves. I was compelled to find out the engineering behind this system that seems to be so effective. I continued to observe for years going from church to church and comparing the different ways I've seen pastors pitching to a crowd. I explored many different religions, and what I've seen is that Christian Youth Pastors were much better at getting their mass to conform. The system of delivery their message took was without-a-doubt the most system I've ever seen constructed. I believe that they believe that what they've come up with came from God. However, I don't see it this way. I think it's always existed, they've just come up with an effective translation of the message. A translation that can be copied and reproduced. I feel that it's a tool which morals are guided by the people behind it. The more powerful the person, the more powerful the delivery, but always the same message. Sometimes it is translated into *Mein Kampf* somtimes *The Bible* , but always with the strongest rate of success.","Jesus Camp was a camp for children run by a fairly charismatic and radical non mainstream woman who was a pentecostal worshipper, fond of dramatic displays. It's an aspect of the evangelical movement, but not really mainstream or that common. A lot of the ways they indoctrinated the children were not with biblical things but with activities like smashing cups saying government. That is the sort of thing charismatic people do, use visual metaphors to teach people, but it's hardly unique to Christians. A lot of their framework was nothing to do with Christianity, it was to do with Becky's personal methods of teaching. That's not really how pentecostal style churches work, they are very focused on the second coming of christ and the belief that in preparation people will get lots of spiritual gifts. Most of the evangelism in Jesus camp is based around that, stuff like speaking in tongues, not on bible readings. As Rachel states, if you aren't jumping around and praising the lord you have a dead church with no holy spirit. It's about emotion, not about words. If you believe that the Bible is used as a propaganda tool like Mein Kampf you should cite a time in the film when the bible was used like that, not just make the statement that it is because. Sounds like charisma, combined with good training. Did you see that the bible verses were especially effective or used especially effectively for some reason? Thanks for the delta anyway.","I beg to differ on it being uncommon. The practices she conducted are actually fairly common among many denominations while dealing with camp. I've talked to many different people from different sects of christianity including baptist, pentacostal, and evangelical and have received enough feedback that when it comes to church camp, they push the boundaries of how they normally behave. Camps set goals to get as many people saved as possible and will have a worship seminar every night at a lot of camps. Also, while talking to these people they have admitted to doing rituals similar to the smashing cups and dancing around with war paint and look back upon those rituals with embarrasement. The rituals were fluff and did not have a lasting impression on the persons. What did have a lasting impression was something that was just as powerful but more subtle. Many people while at a church camp will either speak in tongues or attempt to, they'll pledge allegiance to the Bible, and even get on their hands and needs till their pouring tears from their eyes. All of these things when looked back upon without any regret. Subtle things like pledging your alliegence to something you're too young to comprehend is just as radical as smashing cups dramatically without fully understanding why. However, they are not treated the same over time. The pledges and dramatic worship techniques these children perform stick with them while the fluff typically just goes away. I guess I did not make myself clear. I did not say the film pointed it out, I'm saying someone I've spoken to has pointed out my method and said it can be applied to Mein Kampf. I've never read Mein Kampf so I can't add any support for or against it. I plan on investigating it in the future though. I think what we're arguing here is over the use paraphrasing context or stating it directly. The woman in the film doesn't quote a lot of scripture but what she does do is paraphrase what God's intentions are according to sets of stories from the Bible and then applies it to our modern age. With the lack of scripture supporting her overall goal, then yes you're right ∆ , I am probably confusing someone who is trained in charisma and uses it as leverage with little evidence from the Bible. This would eliminate my use of *Jesus Camp* as a credible source. With that being said, I feel that it does not discredit my overall argument, only forces me to try and find other routes to seek out credibility.",,
m138,motte_bailey,t3_2aksc1,Sharou,"Would you say the same thing if a black rights subreddit was full of posts calling out the KKK? Not saying feminism = KKK. Just saying the principle is the same. Feminism is a source of many problems for the progression of men's rights (mostly due to ignorance, not malice). Therefore it's hard to talk about men's rights without also discussing feminism.","If the civil rights movement was just dedicated to complaining about the kkk then it wouldn't have gotten very far. If you focus too much on your dislike for another group, that all your movement becomes about. If you want to actually make a difference for us on *your message and goals* not just how much the other side is bad","Absolutely but the MRM does have both. I think criticism of feminism is seen as controversial by many since feminism is generally seen as a beacon of progressive thought. Thus people assume that if you attack feminism you must be some kind of social conservative. For this reason I think the anti-feminist portion of the MRM sticks out and garners much more attention than it merits from outsiders. In reality it's probably something like 50/50, which does *not* translate into ""the MRM only whines about feminism"". Could we spend less time talking about feminism? Probably. Should we spend no time talking about feminism? Absolutely not. Feminism is an integral part of the gender puzzle and has had a strangle hold on gender discourse for decades. This is a monopoly we need to break if our views are to gain traction. To break the monopoly of feminism we need to discuss why and how feminism is wrong (and how it isn't, for that matter). So that we can put these ideas forth to the global community. Also noteworthy is that the MRM has, since it became a thing, been under constant attack from feminists (not saying all feminists, just feminists) with a constant campaign of slander, misrepresentation and even outright sabotage (such as semi-violent protests and pulling the fire alarm to abort a talk on male suicide, or the recent death threats against the men's rights conference in Detroit, which resulted in hugely increased cost for security as well as having to change venue). Now, I'm not saying these people represent all of feminism. But what I'm saying is that under these circumstances *it's not surprising* to find that MRA's talk a lot about feminism. Some feminists do nothing but attack us day and night. This naturally creates frustration within our community and thus people feel a need to talk about it and/or vent. My point is we are not perfect. We are human beings like anyone else. Being human beings doesn't somehow invalidate our entire movement. Also keep in mind that this is reddit. If only 20% of the posts in a given subreddit are good and worthwhile that's probably a lot more than the reddit mean, at least for subs with a lot of subscribers. Add to that that /r/mensrights purposefully has very relaxed moderation because we have all seen the over-moderation and censorship on the feminism subreddits, and there is a widespread consensus within the MRM that we should avoid becoming like that. That ideas need to stand on their own feet, not be pushed via authority. This means more ""crap"" will come through as well. TLDR: Be real and cut us some slack :)",,
m139,motte_bailey,t3_3dhde9,ReallyNotMeReallyNot,"No, not at all. Perhaps ""have"" is bad verbiage. I mean not be surprised when there is an overarching tilt towards White male opinions and most issues are seen through that viewpoint. Aboslutelyeveryone should be allowed to express their own view, but what I feel like is happening is reddit is attempting to artificially give all these views equal weight. Reddit has an upvote and downvote system that is essentially user run, it tells us what the majority of people think. If that happens to be an opinion that some would find racist, sexist etc. etc(like racism is over or women have overtaken men). then so be it. As for the rest, that may be want you want that is fine. But those people then shouldn't be surprised if they are downvoted etc. or that most responses disagree with them. Once again I;m not saying that others shouldn't or can't comment. i am saying that instead of trying to change reddit and complain that it is too this that and the other. Wouldn't it be more worthwhile(for them) to seek out a another website that caters more to their views.","Can you say what specific changes you are talking about? That's reasonable, but not being surprised with something is not the same as condoning it. I'm not at all surprised that things are being seen through an overwhelmingly male white lens, but I still don't like it. So I don't see anything particularly wrong with the idea of trying to attract more women and minorities. I think diversity is not merely something to be tolerated, but to be embraced. Minorities and women on reddit are not only entertaining themselves, they are making reddit better. They prevent it from becoming a pure boys club, with all the sexism that usually accompanies that. They allow us to walk a mile in their moccasins. That is not always comfortable, but it helps us grow as persons and refine our views. I think we as a community should be more open to that, even if it goes against our opinions. That being said, I don't support censoring everyone who doesn't or massively changing the voting system to accomodate this.","Not necessarily changes, I believe that those within in some ""niche"" subs ban views from outside subs in an effort to create an artificial safe space. When those same views are expressed out of those subs they are not well received and then they are upset by that. And occasionally within the main subs upvotes are manipulated so as to not appear overly racist/sexist etc. Its not that its right or wrong from any moral sense, the question is why? A. Why would a woman or minority want to B. What would they gain. I used Logo for example, its a gay channel. I wouldn't want to go there and say hey all these opinions tilt gay, we should have more diversity of opinion here. Like why wouldn't I just go somewhere else. And thats a fine, admirable opinion to have. I'm not saying it is bad to have diversity.",,
m140,motte_bailey,t3_2e8yse,MRB2012,So you think they're all lying?,"I think people aren't always good at analyzing and articulating what really drives a particular view, and yes, some **are** dishonest. The fact that you ask this question makes me think you didn't read my original post very carefully, because right after I said what I just pointed out to you again, I gave the example of my friend and the fights he used to get into with his gf. Neither of them were lying, they just weren't the best judges of their own motivations. It doesn't mean they were stupid either, most people don't fully understand or articulate the reasons for the way they feel about everything. Even the smartest folks among us have to do a lot of work and digging to understand the reasons for their positions. I'm not saying that no part of any conservative position is rooted in a preservation of life, I think that's a large part of the picture. But OP's question is about whether it's also about women's rights to their bodies, and it's also about that.",Not really. For most abortion opponents it really is about the preservation of life.,,
m141,motte_bailey,t3_1ditdn,[deleted],"I also guarantee you that half of the dogs at the shelter will be pit bull mixes. What pit bull advocates don't seem to understand is that, it is the bifurcation of the dog's attachment behavior that makes them so dangerous. Pitbull owners will always say: ""wow my dog is so kind, so friendly to me, so nice to my children."" It is their immensely strong ingroup bonding behavior that makes them so dangerous, it makes it so that they will be extremely aggressive towards anything they identify, usually falsely, as a threat.","You are generalizing. You are saying that because the dog has a close bond with the family, it is more aggressive towards outsiders. That's not true for any breed. That is only true for poorly socialized dogs. Dogs being aggressive towards ""outsiders"" has everything to do with learned social behavior and nothing to do with how the dog bonds with the family.","My description is correct. I'm not saying that because dogs have a close bond with their family, they will be aggressive. I'm saying that pitbulls have a strong ingroup/outgroup bifurcation in social behavior, and so for them, strong family bonding can be used as an indicator of risk for aggression. Pitbulls were bred to have a huge differential between ingroup and outgroup.",,
m142,motte_bailey,t3_3dt3vy,MaxisMax,"After reading other comments, /u/hailtheoctopus888 brings up a good point. Climate change will affect everyone--including those in impoverished conditions--right? It's a global issue. I still see what you're saying regarding the endless cycle of poverty, which in turn stagnates growth. But still, as a global issue shouldn't everyone be concerned about climate change? Climate change will also have the ""potential of killing off kids in places so poor that the internet doesn't exist."" And climate change, as you say, will contribute to world hunger. Thus, more people will be hungry as a result of climate change. Isn't climate change + current world hunger worse for everyone? I'm not taking away the ∆, and I still find your argument convincing! I just thought about it more, and read some other comments. IT's super late too. Hope this makes sense!",What about international relations? A nuclear war could be the end of humanity. I think diplomacy between nations and mitigating acts of aggression is a more pressing issue than climate change.,"Good point. That's an immediate concern that could potentially destroy humanity. But if we don't work on climate more, then isn't it **certain** that we'll face huge consequences and somewhat certain, if we continue on this path, that it could lead to something as catastrophic as nuclear warfare? While if we don't work on *further* international relations, I don't think it's certain we will have nuclear war. And again, I'm not saying we drop everything and focus **entirely** on climate change. I'm just saying that it should be the most pressing issue and should require most of our attention. The future president, for example, should make that his/her main goal--eliminating climate change. I don't think this is true for any presidential candidate at the minute. For Bernie Sanders, it is a huge concern, but I doubt that it would be his **main** concern. I could be wrong, though.",,
m143,motte_bailey,t3_2371el,AllOfEverythingEver,"I've seen people say that a dislike of ghetto culture is basically just poorly concealed racism. I'm not sure if this view is common on reddit, but I've heardit inreal life. I disagree. To me racism is when you see the color of someone's skin and immediately judge them, and classism is when you immediately judge people based on social class. When you see someone who is acting in a way to intentionally intimidate people or reject society, your judgement has nothing to do with the color of their skin or their social class, it has to do with their behavior, and there is nothing wrong with judging someone for their behavior. CMV.","1. How is ""ghetto culture"" any more intimidating than white culture? I'd say it's just intimidating in a way that's unfamiliar to you. 2. Correction: they're ""reject[ing]"" *your* branch of society, and you admit to discriminating against them for that reason. Discrimination (including not only physical violence but also things like disdain and avoidance) based on racial culture is most definitely racism.","1. I would first of all argue that there is no such thing as ""white culture"". What you are calling white culture is really just mainstream society. I don't really care what races are a part of it. I would love for every race to take part in the culture of the United States which is where I'm from, and every race does take part. I would also disagree with the idea you made up about how I'm just afraid of what I dont understand. That isn't it at all. I didn't say I was afraid, I said the point of a lot of ghetto culture actions is to be intentionality intimidating. Why else glorify crimes and travel in loud obnoxious groups who wear dark clothing at night and cover their faces? This isn't just a black thing. I'm not opposed to the culture because ""it's black"". It consists of many races and I have no intention of respecting or being a part of it. I have no idea how this can be deemed racist if it has nothing to do with race. 2. Yeah I suppose that is true, but I honestly don't really think this is relevant. Yes you could say they are just rejecting my certain of society, but they also exhibit disdain for society and created one with even more serious problems for no good reason, and I take issue with that. Also I understand this is technically discrimination, but I am argueeing it isn't based on race and also isn't bad. I'm totally Ok with admitting that I ""discriminate"" against ghetto culture, but I don't think that is morally wrong.",,
m144,motte_bailey,t3_23xw5n,Momentumle,"If I should take a guess as to why this is happening, it is this sentence: **my aspirations** of **wanting** to help those truly unfortunate out there. It fine to want to help people, but when it is clear you clear have the resources to help people right now, why wait? It is a common sentiment, “I really want a new car, I will just help out next year instead”, then next year it is a house, a puppy, a kid etc.","No as in, the car is a gift, but I currently struggle to pay off my rent using my own means so I have nothing to give. (I really hate asking my parents for money, makes me feel...less. Call me what you want.)","Then that disqualifies you from the group “rich people” (assuming you don’t live in too ridiculous an apartment) Then it might be a completely different problem, where you are perhaps seen as a ‘poser’, trying to look like you are ‘fancier’ then you really are. I hope I don’t come off as judgmental, I am not saying these things about you, I am just spitballing different reasons people might have",,
m145,motte_bailey,t3_34m77r,vehementi,"So just to be clear, you agree that 75%+ of the sample has been shot down so probably 75%+ of the reasons you believe this are faulty? Are we done? This isn't about me, and there are no sides here. There should be cognitive disonnance alerts going on in your head because you asked us to help you change your view but now you're ignoring what I said and trying to turn this around and to be about me. But I'll humour you for a second: What is my belief? There is no evidence that there is a conspiracy that the US was behind the attacks. Just like there's no evidence for the easter bunny. I do not actively hold a positive belief ""I KNOW FOR SURE THERE IS NO EASTER BUNNY!"" I just passively hold the default belief of having 0% confidence in things that have no evidence to support them. Even if ""experts"" ""question the official story"", that is not positive evidence that the US was behind the attacks, so why would this move the dial?","You seem very dead set on this ""there isn't positive evidence that...""-attitude, which I think is a bit of a strange way of looking at things. I'm sure that evidence for the truth (whatever that may be) could be found if you had unlimited time and access, but since we don't, we all have to do with forms of hearsay - some more or less reliable than others. The point is, we all always have to rely on hearsay to an extent. As such, you're likely never going to find 'positive evidence' yourself. I mean, think about it: could you personally give me positive evidence that the moon is larger than an elephant? This is something you've probably assumed to be true all your life, yet can you personally actually prove it? As such, I don't really think you debunked 75% of the stuff u/heelspider talked about at all; your comment on most of it was ""this isn't positive evidence that the government was behind it"". Yeah, that's great, but that doesn't make those things less weird. Maybe you've 'debunked' his idea that 'the US government orchestrated it all' (if he ever thought that), but you haven't at all debunked the idea that maybe there was a little bit more to it than we've been told, and maybe there were some pretty severe government fuck-ups that we've all forgotten about. That surely wouldn't be the first time. In a similar fashion though, I readily concede that the same goes for heelspider: he hasn't given me any evidence that any of the things he has mentioned are true at all. So all in all, this comment thread, as is, is more a case of 'who' to believe rather than 'what' to believe. Just a thought.","Weirdness and hearsay is not evidence for any particular conspiracy theory. It is evidence for weirdness. It's only when you project preconceived conclusions onto the weirdness that you trick yourself into thinking it is evidence. For example, why do we think it was the US government that orchestrated it, rather than the State government of Texas? Or the government of France? Why do we leap from ""that's weird"" to ""it must be the US government"" and not ""it must be some US corporation looking to profit"" or ""people are incompetent"" or ""a disgruntled guy was manning the radar today""? When I say ""this is not positive evidence"" I am not saying ""HAHA GOTCHA, IT'S NOT PROOF!"", I am saying, even if I concede that this is weird, it's not specifically something that points to the US government being behind it (or even that someone other than the hijackers was behind it). It is evidence for weirdness, maybe, but why make the enormous unsubstantiated leap to ""it was the government!!!""? As for the 75%, I pointed out that all of his points didn't give evidence for him to believe that the US was behind the attacks. He disagreed with zero of my points.",,
m146,motte_bailey,t3_2ywkr1,ShadyFox,"As a domesticated/owned animal, short answer is yes. His cat kills a bird at the park. You kill the cat. You're now responsible for damage to (his) property and a slew of other possible charges considering your location at the time. And why do people always come to the solution of ""let's kill the cat."" Since when did casually killing pets become the end all be all solution to matters?","You are assuming a discrepancy there in ownership that cannot be assumed. An unowned cat can kill an owned or unowned bird. An owned cat can kill an owned or unowned bird. Well if you are going to come to a compromise, come to it from a reasonable place. If you care about a cat that might plausibly kill some birds/babies/hamsters/whatever, expect that it may be killed. If you don't want it to be killed, what's the best compromise solution? Keep it off others' property? Put a loud bell on it? But you can't start with the assumption ""this cat may kill whatever it likes but may not itself be killed"".","I've seen several comments further up about just killing the cat. As to ownership of the bird in your scenario, you hadn't mentioned, so I left it as 'wildlife'. If the bird were to be owned, then the cat owner is responsible to pay for it. To escalate the situation and then proceed to kill the cat as well, seems unacceptable. Cats have been put down for being 'vicious' and that a possibility if it killed your pets. I have cats, they are indoor-outdoor cats. I accept that those cats may be hit by cars, get sick, ect. I also accept that neighbors may not care for the cats on their property, when that situation has arisen, we've worked it out without anyone killing cats. I also accept that, should they cause damage, harm, or anything else, I could be liable. I didn't say that, I said that you, as an individual in the moment, should not do so. There are other ways to handle that kind of situation, it's come up often enough though not always in this exact scenario.",,
m147,motte_bailey,t3_34uoe6,delta_baryon,That argument is tautological. * A religion which teaches that homosexuality is wrong is true * Therefore homosexuality is wrong,"Wikipedia [says](http://en.wikipedia.org/wiki/Tautology_%28logic%29), ""In propositional logic, there is no distinction between a tautology and a logically valid formula."" Remember, I am defining ""rational"" to mean valid, not sound, so that people can agree that things they disagree with are ""rational."" If you mean something else by ""rationality"" other than ""validity"" then I'd just reject your whole premise.","Hmm, I think you're redefining the word rational so that my argument doesn't work any more. I think we should just assume that, by rational, I meant non-tautological, based on premises which are true and internally consistent. For the sake of internal consistency in my argument, you can apply the same definition of rationality to my initial definition of homophobia. Let's stop quibbling over definitions now. It was perfectly clear what I meant.",,
m148,motte_bailey,t3_2aksc1,omardaslayer,"the point is, men belonged to a relatively empowered population whether it was internationally, nationally, workplace, domestic. women have not. Interestingly, 1st wave feminism basically was a completely domestic movement, more or less calling for a better treatment of women by their husbands, with no push toward greater societal impact. Thus the difference is one that is in the nuance of power dynamics, not in the logical structure of the claims.","Why was relevant to subsistence farmer that he had the same kind of genitals as the people who had power? It didn't make his life any better, nor did it give him any more power.","A subsistence farmer where? Contemporary feminist theory is very aware that historically feminism has shaped issues under wester/white etc. assumptions. If we're talking about african or asian or south american subsistence farming, then we would have to do a lot of work to understand their lives in order to see if our concepts of feminism even apply. This was a big issue with 2nd wave feminism. I'm not saying that men lead perfect lives, or that all men's lives are better than all women's lives. What I am saying is that women face certain obstacles that men are privileged enough to not face. This is important to understand, they do not blame ""men,"" they blame the system/culture/society that favors men. Men also face obstacles that women do not face, and contemporary feminism theory is aware of this. They blame the underlying power dynamics for this too. Such as the blatantly gendered and unfair custody/child support laws. But you'd have to be blind to say that women don't face obstacles in their lives that men don't.",,
m149,motte_bailey,t3_1fl90i,eternallylearning,"1) There is tons of history about open, all-out warefare between all three Abrahamic religions based at least in part on religious differences. My point is that within the context of a religion which believes it's the one, true religion (or even denomination for that matter) there is always the potential for religious texts to be interpreted (or ignored) in different ways by whomever is in power. Just look at the differences between your average Muslim and the extremists for a current example of that as they both refer to the same texts to justify their disagreement with the other. 2 &3) If you have a country where there are multiple religions with multiple unique texts, which are all supposed to be equally free to express and practice their religion under the law, then you need a common ground to determine the most fair legislation whether directly concerning religion or not. How can a common ground be found by referencing specific religions for support. Jesus says one thing, Buddha says another, and L. Ron Hubbard comes out of left field and disagrees with both. Where's the resolution in that scenario without ignoring each religious source and sticking to what's objectively observable? 4)Atheism is not analogous to religion as at its core it's simply the absence of religion. You're equating atheism with anti-theism is seems and that's not what I'm talking about at all. What you're saying though sounds like you're complaining that we must all reference what we can all see as opposed to what your religion says we should see even if we don't. What happens when a matter comes up where two opposing religious views conflict? How do you resolve that dispute?","1-3) While it is true that religions generally tend to assert that they are the one true religion, it is not true that there are no commonalities between all the religions. Common themes in all religions include, but are not limited to: (a) belief in a divine plane somewhere beyond the physical (b) honor and respect for everyone, including non-believers of that particular faith and (c) charity and compassion for those less fortunate than yourself. Simply put, religious strife is always because of bad people, not the faith. There is a common ground to be had between all the religions of the world. One only need look at the golden days of the Turks or Romans to see what a religiously-based society that promotes religious freedom looks like. 4) Unless you're debating minutiae, there is significant common ground between many religions. If the religions agree to this common ground, you can build an entire system of ethics while agreeing to respect all religious traditions.","My apologies. It did really look like I was saying that there is no common ground and that is not what I meant. I meant that when there is a disagreement between two religions on a certain topic, how can you find a common ground when the basis' for each group's arguments are based on something with similar authority but conflicting assertions? In other words if Religion A says that homosexuality is completely wrong and deserving of death, and religion B says that each person's path in life is equally valid and we should not be punished for who we love, how can there be a resolution on those grounds?",,
m150,motte_bailey,t3_247lwq,Abstract_Atheist,"The argument from miracles is the argument that there have been miracles which are evidence for the existence of God (one popular version is William Lane Craig's argument for the resurrection using a handful of facts derived from the testimony of the Bible). I'm going to give two objections to the argument from miracles, one by Hume and one an updated version of Hume's objection by J. L. Mackie given in his book *The Miracle of Theism*. Here is Hume's objection to the argument from miracles, as presented by J. L. Mackie (this is my condensation of Mackie's discussion of Hume, and does not appear in this form in Mackie's book). 1. We can determine whether or not to accept a given piece of testimony by considering two things: the credibility of the witness and the intrinsic likelihood of the claim that the witness is making. 2. A law of nature is a maximally strong induction from past experience. 3. A miracle is a claim that contradicts a law of nature. 4. Therefore, a miracle is a claim that contradicts a maximally strong induction from past experience. (from 2 and 3) 5. But induction from past experience is the only means we have of evaluating the intrinsic likelihood of an event. 6. Therefore, miracles have a very low intrinsic likelihood. (from 4 and 5) 7. In practice, the credibility of a witness will never be sufficiently high as to equal or outweigh such a low intrinsic likelihood. There are five reasons for thinking this: (a) miracles are never testified to by sufficiently many people with spotless reputations, excellent educations, and a lot to lose in the event that they are caught lying; (b) people have a tendency to like believing in strange things like miracles and UFOs; (c) miracles usually come from backward nations; (d) the miracles of different religions cancel each other out; and (e) in religious communities, credulity is thought to be a good thing, so they encourage each other to believe more and more in the miracles of their religion. 8. Therefore, in practice, we should always reject miraculous claims. (from 1, 6 and 7) Mackie sums up Hume's argument from a different perspective as follows: * If the unlikelihood of the testimony's being false is less than the intrinsic unlikelihood of the miracle, then we must reject the miracle report with a confidence corresponding to the difference between the two. * If the unlikelihood of the testimony's being false is equal to the intrinsic unlikelihood of the miracle, then we must suspend judgment. * If the unlikelihood of the testimony's being false is greater than the intrinsic unlikelihood of the miracle, we must accept the miracle, but only with the modest degree of confidence permitted by the difference between the two unlikelihoods. Mackie updates Hume's argument as follows (this is more of an inductive inference): 1. To establish that a miracle occurred, it is necessary to establish both that the event took place and that it violated the laws of nature. 2. Showing that an event violates the laws of nature is a strong reason to think that the event did not occur. 3. Showing that an event occurred is a strong reason to think that it did not violate the laws of nature. 4. Therefore, the atheist will always be able to object to the argument from miracles by arguing either that the event must not have occurred or that the event must not have violated the laws of nature. (Which one we use will depend on the specific alleged miracle under discussion - if the miracle is not well supported, then the former tactic is stronger, and if the miracle is well supported, then the latter tactic is stronger.) 5. Therefore, in practice, the theist will never be able to establish that a miracle occurred. Mackie notes that this reasoning even applies to miracles which one has witnessed for oneself. The miracle that you have witness might not really have occurred, since you might have misperceived something, been tricked by a magician, or deluded yourself about what you saw over a period of time. Alternatively, the event you witness might have occurred in accordance with the laws of nature after all. To change my view about this, you will have to show that Hume's argument and Mackie's argument both fail. _____","Well written, OP. The arguments seem logically valid to me, but I think it still misses an important aspect of the theists argument from miracle: The alleged miracles are often (or perhaps not very often, but it does not matter) connected to an unique experience of the witness, which is not miraculous on it's own. For example, I know about a woman who claims that when she had cancer, a raven came to her a gave her spiritual guidance and instructed her to go to Amazon. (Yes, he was speaking sentences in human language). She followed him, experienced more magical adventures in the great jungle and eventually died of the cancer (but much later than doctors expected). Before that, she claimed to be healed completely in her spirit. Does this fall into your category of events that contradict past induction? Well yeah, one does not see talking ravens very often and talking ravens do not leave any evidence behind them, right? Probably she was hallucinating, you would say. But then, can you ignore the fact that it had profound impact on her life? That was one example about a person I know. I have heard stories about miracles happening for example during deep prayer. That is not something that would be reproducible in a laboratory, but it can be a catalyst of a life-changing experience. The theist may not be able to provide you good direct evidence, but the changes in ones attitude to life can in my opinion establish the credibility and thus basically cancelling your proposition #7. Still I think trying to argue with you using pure logic is doomed to fail in this case. People who believe in miracles are guided by feelings. It's good to be a priori sceptical and not let yourself be bullshited. But if you get to the point where miraculous events begin to unfold in your surroundings or your own life, listen to your heart and enjoy the ride insead of trying to deny what you have witnessed using reason and logic, because that would eventually drive you mad.","I don't see how ""changes in one's attitude to life"" could justify believing that the laws of nature were violated. The changes in one's attitude to life might have been the result of a number of things other than a miracle. I think sticking to reason is less likely to lead to insanity than adopting a belief in miracles. (I'm not saying that everyone who believes in miracles is insane, of course.)",,
s126,strawman,t3_2q5zwb,AndyGHK,"I see what you're saying, but I'd prefer a more tangible resolution (with, say, Tenzin, or Mako/Bolin, or Lin, or whoever), with an ambiguous Korra resolution over the opposite.",,So you're saying you just don't like Korrasami?,,
s127,strawman,t3_2ldxdq,gothicgoku,"What woman would like to know the love of her life used to sexually assault women? There isn't a chance that she would know, because there is no evidence of it ever happened. I'm the only one who knows what I did, and I am planning on taking that to the grave. No one needs to know what I did, it isn't necessary or important. It is over with, done. It is in the past. My wife would know me. She would know who I am and what I am going to become. When I did those things, that wasn't me. Those sexual assaults didn't make me into a better person at all. When I changed and stopped doing that, that is when I became better, a better me. My future wife would know me, not those negative things in the past.",,"Are you saying that you wouldn't ever tell your future wife anything that she doesn't *want* to hear? Because there are a lot of things people have to do or say or hear in relationships that they don't *want* to do or say or hear, but you have to.",,
s128,strawman,t3_1qdrzn,urawesoment,"These subjects may be interesting to some, but you still didn't answer why they should be carried out in universities and receive funding. People can and I think will continue to think about these things even if they don't do it as their day job. I just don't see what the public gets out of paying for it.",,"You never responded to the points I made above about why I think philosophy is valuable to understanding science and the implications of the knowledge we gain from it. I guess you're saying that people will be able to figure that out on their own without having to dedicate resources to it? People can and will continue to think about science and engineering even if they don't do it as their day job. And that's probably one of the reasons we have a lot of armchair climate scientists who deny that global warming is real, along with amateur structural engineers who think the Twin Towers came down in a controlled demolition, and backseat biologists who deny evolution. Perhaps most frighteningly, there are people who refuse to vaccinate their children because they believe it causes autism. In other words, you need training to understand things and to be able to make judgments properly. My point is that, as those examples demonstrate, people who speculate on science in their free time, even if it's not their day job (to use your words), are frequently tremendously wrong. Why would you think it's different for other fields? I trust you would be skeptical of crossing a bridge that was designed by an amateur, just as you probably would not want to undergo surgery performed by an amateur. So, when it's your day in court, do you want to be punished based on an amateur understanding of law and criminology? When your government makes laws, do you want the resulting policies to be informed by a reasoned, rational understanding of what makes society tick and how to fix social, economic and political problems? Or would you rather those laws be based on the gut feelings of some bureaucrats whose day job is not to think about sociology, political science, anthropology and psychology? And when our leaders make decisions about whether we go to war or try to maintain peace, should their choices be informed by a real understanding of history, or should they just wing it? If we insist, as we should, that a bridge should be engineered correctly by trained engineers, shouldn't we agree that a law—might deprive someone of liberty and even life—should be engineered by trained people as well? If we insist that doctors should have a deep knowledge of the human body and medicine, shouldn't we also insist that our school teachers have a deep knowledge of how people learn and how they behave? In short, reading a Wikipedia page on WWII makes you an historian just as much as reading the Wikipedia page on cells makes me a biologist. Watching FOX News or MSNBC, or reading a book by Fareed Zakaria makes you a political scientist just as much as watching Gray's Anatomy makes me a physician. And speaking English makes me a linguist just as much as having eyes makes you an optometrist. And by that I mean, not at all. These disciplines are extremely important and have a huge impact on everybody's life. It is important that we understand them, and in order to understand them, we need to have a system that allows people to dedicate themselves to these fields. A system of public funding through universities is great for this.",,
s129,strawman,t3_2mczo6,DocileBanalBovine,"Yeah, which is why you'll only ever see people trying to mock 'leftists' actually bring it up. Because 99% of the time, no one said anything like that. That's my point, the execs are the ones deciding how those women are presented. This is not the personal decision of the woman, it's the job given to them by someone else.",,"That's just not true. Sorry, but that's bizarre. So you're saying all those models were forced to accept millions for their jobs?! Seriously, there are thousands of women queuing for casting shows to become models. They were certainly not forced to do that. And the execs are NOT the ones that decide this. I don't think you know anything about advertising. Campaigns aren't just designed arbitrarily by some evil manager. This campaigns are all test in advance to see how people react to it. The advertising you see is what the people prefer. The manager cares about selling products, not some political agenda. If the majority would prefer to see absolutely no sexuality, then there would be none in advertising.",,
s130,strawman,t3_2dz34k,Indon_Dasani,"What I'm frankly reading here is that the police have a bureaucratic *excuse* to murder and slander and be unaccountable for their crimes. Even your source has stuff like this, Which is *exactly the sort of thing people are angry about*. They know a cop who commits murder will be found to be 'justified' and not punished for his actions. They are not stupid or misinformed.",,Are you saying you wish you lived in a world where the majority of police shootings were found to be unjustified?,,
s131,strawman,t3_1kbzmn,DanyalEscaped,"I swear, I'm not. A troll wants maximum outrage for minimal effort - and you can probably see I'm putting a lot of effort in this. And seeing how this post is far from the frontpage of /r/changemyview, it probably won't generate much outrage. Fallout: New Vegas still has a loading screen for every settlement and every building. Kerbal Space Program has many big planets, and you can travel around freely without any loading screens. That's what I meant. Does it? You can have nearly infinite maps in Minecraft - but not everything is rendered all the time. Only the things close to you. Are you certain that light is properly rendered on Venus right now, while simultaneously the dust on Mars is calculated? Your brain can make you believe dreams are true. Do you think a civilization 10,000 years more advanced than ours cannot simulate an experience as complex as the one you are experiencing right now? What about a civilization 100,000 years more advanced? Remember how quick this is advancing *right now*. Xbox Live for Xbox One uses *300,000* dedicated servers, and combined they have [more computing power](http://www.destructoid.com/new-xbox-live-will-be-powered-by-more-than-300k-servers-254169.phtml) than all computers in existence in 1999 *combined*! Or at least, that's what Microsoft claims; experts think it's closer to [1995](http://www.theatlantic.com/technology/archive/2013/05/xbox-one-our-servers-will-have-more-power-than-all-the-computers-in-1999-us-really-expert-almost/276131/) - but that's still very impressive, it's less than 20 years ago!",,"So you're saying that the universe is only rendered for me? The simulation is running only for my sake and the rest of the universe is an illusion? Well that's awfully nice of them to waste computing power just to give me a world to place with, wish I kinda had a little bit of a less sucky role. I don't care if they're ten million years more advanced, there's only so many transistors that can be put on a chip. If you're implying they're universe is entirely different (since this is a simulation) then perhaps they do have the power to do so sure let's pretend. If so, I found a problem. This means that our society will also eventually do this meaning that we will be running incredibly complex simulations of universes on our computers.. which means they're running on THEIR computers. The problem is that this will recess infinitly meaning that eventually our simulations will be running simulation so unless the computers are infinity powerful then it doesn't make sense.",,
s132,strawman,t3_316pae,selfhatingyank,"The past 4-5 years have seen media hyperbole over a debt/economic crisis in Europe (especially but not exclusively southern Europe) that has been used to implement Republican-lite economic, labour, and healthcare reforms throughout the continent, as well as in Canada (Stephen Harper), Australia (Tony Abbott), and Japan (Shinzo Abe). It is unfortunate that they are implementing these reforms in response to a crisis that doesn't actually exist. Even in a deep recession, most Europeans are far better off than their American counterparts in terms of income equality, life expectancy, education (test scores), environmentally responsible consumer habits, mothers' and children's rights, nonviolence, economic mobility (Europe and Canada are the true lands of opportunity and moving there is the best career move for an American who can get a work visa), inequality-adjusted HDI, and even Credit Suisse median wealth estimates. The US ranks dead last or near-last in most measures of development when compared to its peer countries. Even Jeb Bush concedes this: http://www.politifact.com/florida/statements/2014/nov/06/jeb-bush/us-workers-least-mobile-developed-world-jeb-bush/ The only people who don't are European and Canadian, etc. elected officials who are convinced that their countries are staring down a phantom crisis and so are implementing austerity and labor ""reforms"" to please the ""confidence fairy"" (who doesn't exist, either). Many of their arguments to act are based on completely specious reasoning (saying that Denmark is uncompetitive because its hourly labor cost is the highest in the EU is bullshit when its hourly GDP is more than high enough to justify it; the error is comparing hourly costs to per-capita GDP, and the ""US is the richest country in the world"" is based on mean, not median, wealth figures). I'm not implying a conspiracy here, but left-wing European social democracy is proven to work and ""the crisis"" is a complete phantom based on bad statistics and silly misunderstandings; even Jeb Bush recognizes that. _____",,"I debated whether to respond to you or simply to post this to /r/badeconomics and be done with it, but decided on the former. You have 2 separate views here: 1, where you have some misunderstanding about what it means to be in economic crisis, so you come up with pearls like ""The European crisis is the hoax of the century"", and 2, where you are saying that you disagree with the economic indicators we use to measure economic wellbeing (I am talking about your assertion that the EU is doing great based on things like gender equality and HDI). I will start with CMV1. ""Economic crisis"" is a bit of a hand-wavy word, but what it's getting at is the general conditions of a recession, which has a specific definition: it means negative GDP growth for two consecutive quarters or more. [As we can see here] (http://data.worldbank.org/indicator/NY.GDP.MKTP.KD.ZG/countries/EU?display=graph), the EU experienced a double-dip recession starting in 2008 and is currently in recover from the second dip, which began in 2011 - which is exactly what you would have been told in any mainstream media outlet. Since a recession is a sufficient condition for calling a situation an economic crisis, I think we can agree here. But, on top of that, it is extremely true that the unemployment situation in the South is very bad, as is the fallout from the social security obligations which you like so much. The latter two issues are examples of the EU's structural economic crisis, which is the specific thing everybody's worried about. It differs from your run of the mill recession because it is caused by the economic system not working, and can only be fixed by reengineering that system. Next, you're making the common American mistake of assuming that the EU is a country. Which it's not. We must further make a distinction between the EU and the Eurozone (which countries like the UK or Sweden don't belong to), and the Schengen area. The EU crisis, debt or otherwise, disproportionately affects the Eurozone, because the price of the Euro essentially reflects everything every Euro country does. Finally, because of the way EU legislation works, each country is basically free to implement whatever economic policies they want, which makes a whole lot of variation in economic performance across the board, which you also will have heard in any mainstream media outlet: some EU countries are doing pretty well through the crisis, but other EU countries are not, and on average the EU is in the shitter. Edit: [this map of male unemployment by EU country just got posted on dataisbeautiful] (http://static1.squarespace.com/static/53fe168be4b0826cfdf954c8/t/551bf89de4b0f5016a1c4a6b/1427896480378/?format=1000w). I'm linking it here as an example of the extreme discrepancies in economic health within the Union. Take Italy. Its financial system actually got through 2009 almost unscathed, because Italian banks are highly conservative lenders. However, because Italy relies in large part on a luxury export economy, its employment and housing prices went down by a lot and still have not recovered. 20 years of economic mismanagement under Berlusconi (both huge fiscal obligations and corruption) came to fruition during the crisis, and here's your debt crisis - which cannot be solved by fiscal contraction because of Italian politics. But more seriously, Italy, like many other southern EU economies, is suffering from a structural problem: it has no viable productive economy with which to make money. This structural issue has laid unsolved for several decades, as is reflected demographically: the average marriage age in Italy is ~32, and 54% of people aged 20-34 still live with their parents, largely due to [economic problems] (http://www.demogr.mpg.de/papers/workshops/000906_paper01.pdf). Whilst Italians receive all sorts of social benefits, they are paid less than Americans before taxes, and pay more in taxes on top of that, which results in a less mobile population, especially economically. Indeed, countries like Sweden are microcosmic exceptions: their economic model doesn't create prosperity in other countries of the EU. So, CMV2. The notion that we use too narrow a set of, or even the wrong indicators to measure economic prosperity has been brought up multiple times in the discipline. Joseph Stieglitz and Amartya Sen, among others, have been the most illustrious critics of using GDP and its derivatives to measure economic development, but also economic well-being. However, this debate is not GDP vs. people's feelings: this debate is about present value of consumption vs. future value of consumption. The reason GDP is a shitty overall indicator is that it doesn't say anything about where the economy is going - only where it is right now. For instance, oil-rich countries today may have a GDP of a billion zillion dollars, but once they run out of oil or oil prices crash, so does their GDP. Economic well-being, on the other hand, is meant to reflect an economy that can be reasonably resilient to the things life throws at it - a diversified economy governed by stable institutions. We believe that robust sources of revenue are manufactured goods, technological innovation, human and institutional capital, so on - and we try to track for those with measures like HDI. But these indices are fundamentally attempts to shadow-price intangibles in addition to production - they're not meant to replace GDP. You could say that, hey, in many countries of the EU, people are more educated than in the US, they are more equal than the US, they live longer than the US - doesn't the EU have good human capital? And yes, it does. But many countries in the EU fall behind on issues like the tax burden, the ease of opening a business, dependency ratio (aging populations coupled with high fiscal obligations to seniors are a huge problem in countries like France, Italy, UK, by the way), youth employment, etc. The overall health of the economy is hard to measure, but generally speaking, the US finds it far easier to jump-start its economy after economic crises because it doesn't face legislative roadblocks or sticky benefits in any way at all close to how big these problems are in the EU. And US inequality does, nonetheless, drive hard work. Without a doubt, the average EU citizen has a higher quality of life, but what we're worried about today is whether that quality of life is sustainable in the long term. Economic well-being is very simply the ability to maintain a constant or growing consumption in the economy every year. In order to consume, you have to produce (which is why GDP is important). Things like unemployment, debt, lack of consumer confidence, extreme wealth inequality, delayed entry of young people into the workforce all have a depreciatory effect on production, which, even if it doesn't affect the economy that much today, will catch up with us later. That's why the EU is in deep crisis - because the things I have named are screwed up for structural reasons, meaning they won't get fixed when the global economy gets fixed - they will only get fixed when the EU gets its shit together and manages itself properly. tl;dr economists aren't neoliberal overlords. Sometimes they have useful things to say about the world.",,
s133,strawman,t3_2bf94q,jsfarri,"I don't understand. You're saying predatory businesses are unethical but then say that business is business and not related to ethics, but your initial post is clearly about the morality of these types of businesses.",,"No. ""Are you saying that general consensus is that it's unethical, but that you think it isn't unethical?"" Yes, that is what I am saying. I did not say predatory business models are unethical. I am saying they are questionable. Two different statements.",,
s134,strawman,t3_2e8yse,z3r0shade,"I justify that it is responsible by the fact that it is taking ownership of the consequences of an action, and taking an action to rectify those consequences. I fail to see how getting an abortion is more irresponsible than carrying the pregnancy to term. Both are legitimate ways of handling the situation. The fact that she has to find a way to pay for her own abortion means that she is taking responsbility for the action. Because you can now, after birth, give the baby up for adoption or otherwise no longer take care of it without killing it. Before birth, if the fetus is viable then I would argue birth should be induced and the baby given up for adoption rather than abortion if it survives. Before that, there's no way to end pregnancy without killing the fetus. The primary idea here being that she has the right to end her pregnancy. Like I said above. The difference before birth and after birth is the ability for the baby after birth to be given up for adoption and since this alternative exists it would be wrong to kill the baby. Before the fetus is viable, there is no alternative available for terminating the pregnancy and she has the right to terminate the pregnancy. And I disagree. Ultimately, this is the base reason that people are opposing abortion because logically that's the underlying assumption they have to be making for their logic to make sense. There's no way you can argue that the consent or not of the sex which produced the pregnancy has any relevance to the discussion without implying that she does not deserve to be allowed to have sex while avoiding pregnancy. Forcing someone to live with a negative consequence due to an action they took is a punishment by definition. Forcing a woman to keep a pregnancy she does not want simply because she chose to consensually have sex is a punishment by definition.",,"OK, so you're saying when abortion is the only option (other than waiting) to end the pregnancy, it is a responsible option because she has the right to end her pregnancy. I still don't think that follows, but that is a good reaction to my previous example. Let me try another one: Bob's heart start failing. He needs a transplant. He is put on the transplant list, but is older so he clearly will not receive a heart in time and will die. In fact, his doctor tells him he has basically no chance of getting a heart because of his low priority on the list. His only options for survival is to either (a) kidnap a compatible individual at gunpoint, cut out there heart, and order a doctor to perform the transplant surgery (maybe with a friend to keep the doctor at gunpoint or something to ensure he does the surgery correctly) or (b) steal a heart from the transplant organisation and/or threaten them to give him a heart. Bob has a right to life. By not allowing him to forcibly take a heart, we are infringing on his right to life. Yet I'm sure you and I agree that his taking a heart would be *wrong* and should be illegal because it is taking the heart from somebody else and condemning them to die. How would you recommend an individual (who believes a fetus is a live and deserving of rights) reconcile this being wrong with allowing abortions to go on? I specifically picked this example because it doesn't fall under your previous explanation (which was very good) about there being an alternate to abortion once the fetus is viable. Just like before the fetus is viable the only option a woman has to end the pregnancy is abortion (infringing on the right to life of the fetus in the eye's of pro-lifers) the only option Bob has to live is stealing a heart (infringing on the right to life of whoever's heart that is or whoever the heart was going to). ""does not deserve to have sex while avoiding pregnancy"" is a funny way to say that, and feels like a stretch. It's not a matter of what she deserves, its a matter of biology. Sex can get you pregnant. If you don't want to get pregnant, the best way is not to have sex. The second best way is to use birth control. It's not that people think the woman ""deserves"" pregnancy, but rather it is a biological consequence of her actions. Where are you getting this definition?",,
s135,strawman,t3_2mv3n4,OFF_THE_DEEP_END,"You jumped to a conclusion here. Amplifying and minimizing are different. But in the case of rape, both amplifying and minimizing do lead to the same unfair result: invalidation and shame. You also imply a standard on the victims. That's, the ""right"" way to deal with rape is to move on. Again, that's invalidating the victim's trauma and making it worse for the victim. Society is not helping rape victims. But society is really fucked up and we can't blame our problems on it. We have to take personal responsibility for our relationships with other people and ""be the change"". For relationships with victims of rape or other crimes, this means being authentic and compassionate. Just listening to a person's experience without saying a word is enough sometimes. If there's a core problem in society that prevents healing for rape victims, it's NOT your thesis that amplifying or minimizing makes a difference. It's that society constantly encourages judgmentalism in all of us. It tells you and I that we are better than the other person, and we have a right to lord over them and tell them what's good for them. Also, that we are discerning and informed despite the fact we know and understand little to nothing.",,"That's pretty bang on. I've come to the same conclusion that the problem isn't amplifying or minimizing. Both are terrible. However, I'm piqued by your view that it isn't right to move on to deal with rape. I'm guessing you're saying that you should take the time to reconcile your feelings before moving on instead of repressing. I can't think there's a situation where dwelling on the trauma is a good thing. It is objectively better to move on than not right? The time taken is where people can judge harshly 'Oh get over it already it happened years ago' but its still better to move on right? However long it takes",,
s136,strawman,t3_2x53ga,NotEtreo,"Some background information on me, I guess. I'm seventeen, and was on the bottom rung of the social ladder for much of my early childhood although I'm probably lower-middle class now. I've never considered myself particularly religious, and the area I grew up in until I was around 10 had a lot of Muslim asylum seekers and I was friends with many. So I've come to the conclusion recently that the multiculturalism is a bad thing, for my country particularly but also on a global level. My reason for this essentially boils down to the fact that without an overarching, agreed-upon culture, a nation can't be said to have any culture at all. Concepts of culture are understandably fuzzy, but they include things like [language](http://www.bbc.co.uk/news/uk-21259401), [religion](http://www.ons.gov.uk/ons/rel/census/2011-census/detailed-characteristics-for-local-authorities-in-england-and-wales/sty-religion.html) and [sense of humour](http://www.independent.co.uk/voices/comment/if-youre-a-writer-these-days-our-culture-seems-to-say-please-challenge-and-provoke-me-while-i-scream-whenever-i-hear-something-i-dont-like-10052188.html). Ultimately a nation with no culture is a violation of the very principle of nationhood, and cannot sustain itself. I'm not against immigration, but I do believe that immigrants should have to assimilate upon arrival. I'm open to having my views changed and eager to hearing opposing arguments, because I know that in a social democracy like the UK my views are going to be unpalatable to many people. And as nice as it is to stick to your principles, Thomas More has taught me that sometimes they're just not that important. _____",,"I agree a country should have one language, i assumed the UK had English as its primary language. In the US we have separation of church and state, which is a graet thing that could potentially help. This is really subjective, we all have different comedians. Its hard to judge a nation based on their humour which is subjective from person to person. but I do believe that immigrants should have to assimilate upon arrival. Are you saying immigrants should have to learn the language(i agree), convert religion to whatever your country votes as the main religion (im in favor of separation of state and church), and out of nowhere like the same humour you do? that seems a bit silly. what would happen if lets say the a majority of immigrants came in and voted Spanish, Chinese or something else as the main language, i mean majority should get a vote. Would you be okay with it?",,
s137,strawman,t3_1hm7uw,Wulibo,"Utilitarianism is the belief that the most moral action is the one that maximizes total happiness for the collective. It believes that happiness for one person is equal to the same amount of happiness for another person, with absolutely no variables. An example of this is that many people I know believe that once someone commits an indictable crime, they forfeit their absolute personhood, and their utility becomes less valuable than another's, to use Utilitarian terminology (or more plainly, they don't matter as much as contributing members of society). However, for a Utilitarian, it is just as important to minimize a criminal's suffering as it is to ensure the safety of society as a whole on the same scale. I understand where people are coming from when they say that good people need to be treated better and protected because that incentivizes good, or because good people *deserve* it more. I agree with both of these statements, to a degree. However, at face value, I think ""deserving"" is an invalid concept, and actions should be carried out to the maximum total benefit, rather than to shift benefit to those who should have it. I also see the entire purpose of law itself to be to steer society towards good, and therefore it is morally good to do things that will make people want to be on the right side of the law, but the end of benefiting good people more than bad is a means to the end of shifting those bad people to good more than it is an end in and of itself. Not only do I believe that this is the *correct* moral philosophy, I believe that any system of morality which rejects the core utilitarian belief that maximum total happiness (utility) is the only valid end is inherently evil and misguided, and should be eliminated. The argument that people have the right to certain views or such don't make sense to me, because a utilitarian world is better than a non-utilitarian one. In a realistic, day-to-day sense, I behave like any one of you. I speak up for equal rights, I won't do anything drastic, and I simply attempt to reciprocate kindness and consider that ""enough."" However, the core arche that lays in the centre of all of my thought is and always has been that my actions are ideally to the end of maximum happiness for the most involved parties. This does not mean I attempt to shift my thought patterns to that of an Archangel (R. M. Hare's concept of a being who knows every outcome of every action and can act to create maximum utility), but rather that when I try to ""do the right thing,"" or construct, ponder, or debate my philosophical and political beliefs, it is always in the consideration of what will create the most total utility. I've already read up on all the criticisms, and I see most ""undesirable"" outcomes as positive (a utility monster would be supremely happy and create no suffering, murder is acceptable to stop a trolley, the mona lisa is more valuable than the old lady in the fire, etc). What I ask is for you to show me ways that other systems of belief are not totally evil and in some way bigoted, in that they detract from total happiness to some personal or hopelessly selfless end. edit: I am shocked at how difficult people find it to see if their argument has already been made, better, before commenting, but also I find it difficult to reply when I've already awarded a delta for my opinion being changed totally. I'm just going to stop replying in general because I am just flooded!",,"There are plenty of valid ethical systems. For example, an ethic which dictates, ""kill everyone you encounter"" is just as valid as utilitarianism, so long as it doesn't contain another conflicting clause. This is because we are working with universal axioms, or, assumptions made within a sort of vacuum. As there exists no prior truth for ""kill everyone you meet"" or ""maximize utility"" to compare to, it *must* be valid. The only exception would be if the ethic itself is self conflicting. For example, if your ethic was ""Kill everyone you encounter. Encounter children. Do not kill children."" then your ethic would be invalid as it would be impossible to reconcile the first clause with the second and third. This is why people keep bringing up the utility monster. Utilitarianism as a universal ethical axiom is to state that one should ""Maximize utility in all cases."" However, if you see the utility monster as a problem (even an unrealistic one) then you are saying that you believe that one should ""not maximize utility in all cases. (particularly certain hypothetical cases.)"" If that is the case, then your ethic becomes ""Maximize utility in all cases. Do not maximize utility in all cases."", which is clearly invalid.",,
s138,strawman,t3_22lgvs,Changemythrowaway18,"I, myself, am a white cis heterosexual male, so that is patently **not** what I'm saying. First of all, I'm arguing a point of view. There's no reason to get so defensive. This is a change my view, and if you read through this thread, my view has already been changed, so please relax. I'd ask you not to personally attack me. You also ""can't, don't know me"". Second, I'm only taking umbrage with your line of reasoning, not you as a person. I'm talking about, from the perspective of someone in a class who has faced oppression and discrimination, do they have the right to hate a class that oppressed them. I'm not convinced by your reasoning about childhood for a few reasons: 1) I'm not convinced that someone needs to active oppress someone (physically or legally) to be complicit in and benefit from a culture where other members take rights from others. My point is that, perhaps, being complicit in and benefiting from this culture is enough for a member of an oppressed group to hate. 2) The child argument doesn't stand on it's own two legs. If a child inherits slaves from their parents, is he not benefiting from and complicit in slavery? How is that any different from actually enslaving people? 3) Because within the hate, there is nothing that says, ""we should take away those people's rights"". That's not what I'm talking about when I say hate, and that's not what any minority is talking about when they say hate. The oppressed group isn't saying, ""hey, we want our turn at oppressing!"". They are saying, ""why should I work together with you in this society when all you have done is oppress me?"" Again, I have already changed my view. The idea that changed it was a call for empathy from both sides. The real answer is, everyone has their own class struggles, and having a ""who is more oppressed"" contest is meaningless. But, at the same time, as members of a privileged class, you and I have to have empathy for the conditions of people less fortunate than us, and understand their struggle as authentically as we can. Only by understanding each other can we work together to fix a broken system. Arguing about what the hierarchy is or that it doesn't exist won't solve the problem.",,"I am relaxed my friend. You are reading tone where there is none. I also have never once attacked you. If you disagree with this, please show me an example where I attacked you as a person instead of your beliefs or representation of a belief. So your argument is, being white and simply existing makes you complicit. I could be the staunchest feminist in the world. Doing innumerable things to help fight this ""oppression."" And I am still complicit in it all then? I am still worthy of hate? It's not, because owning slaves is still an action. Simply existing is not an action undertaken by an individual. Your analogy doesn't hold up. Interesting. So misogyny is alright so long as you don't infringe on women's rights. Correct? You still fail to grasp my argument however and it's evident when you say things like this: Never once have I claimed that. I have simply claimed that the mentality is the same, hating people for something beyond their control. It is the exact same mentality, so how does that make a person any better? Are you saying as long as you're not oppressing it is okay to hate a person for things beyond their control. Back to my misogyny example again. See I don't really think you have. You still think they have every right to hate the ""oppressing"" class, just that you don't think it will accomplish anything, so therefore they should opt for a different approach. Back to this line though. How is this not what you're saying. This line directly contradicts what you say here. By your very own definition, you are saying it is alright for every single ""oppressed"" person to hate you. And for no other reason other than you are a white cis heterosexual male. Those are your own words. Ninja Edit: Definition of complicit: choosing to be involved in an illegal or questionable act, especially with others; having complicity. So it seems that I can completely prove that any white cis heterosexual male is not complicit in anything by virtue of being white cis heterosexual male, because they do not choose to be a white cis heterosexual male.",,
s139,strawman,t3_1yhd8w,TheRedCarey,"Assuming that the game is not available for the $1.00, then no, I would not say so, but that's the point of this thread.",,My point is my friends and I do not pay full price for most games. We do however buy most of our games in steam sales. Are you saying it's perfectly morally justifiable to pirate our games on release day instead of waiting it out for a sale and compensating the makers since the games were not offered for a price we were willing to pay at that time?,,
s140,strawman,t3_2x53ga,NotEtreo,"http://en.wikipedia.org/wiki/Union_of_the_Crowns Union of the Crowns, followed by full political union via treaty. It was the middle ages and they were Kingdoms next to one another, I'm not entirely sure what you were expecting. The continent wasn't overly peaceful either. Wales was never a unified Kingdom. Gwynedd was a petty Kingdom that didn't cover all of the region. I accept I was wrong about the Anglicization of Wales though.",,"The Union of the Crowns, followed by the Wars of the Three Kingdoms, followed by more conflict, followed by the abolition of the monarchy, followed by more conflict, followed by the Restoration, followed by the deposing of the monarch, followed by the Jacobite Uprisings, followed by more Jacobite Uprisings, followed by conflict after conflict in Scotland and Ireland, a pattern that has only relatively recently died down. You act like just because the same guy is king of multiple places that those places will get along with eachother and play nice. As for Wales... So are you saying if a kingdom isn't very big, you can just go in and conquer it, no guilt needed? If so, what's the cut-off point? Tonga's not a very big kingdom. Could we rob it of its sovereignty just like that? Can you see why I'm not big on English culture yet?",,
s141,strawman,t3_1yksrs,cmagnificent,"Okay, that does make a lot of sense. The ""vote with your dollar"" mentality correct? The issues I see with this are - 1) - It's predicated on the assumption of an informed consumer base, which is a pretty shaky assumption to make. While it's true that certain individuals will always try to know as much as they can as consumers, the ""average citizen"" will not take this same level of concern. So while it sounds good in theory, a closer examination shows it to be built on a shaky foundation and furthermore, this particular check on abuses of power has been ineffective in the past (late 19th century United States). 2 - This is built on another ideological premise of the ""rational actor"", here being the idea that every individual actor (be it a singular person or a corporation) will always act with rational interest in the economic sphere. This is also untrue. Even just a short century ago Valentine's day was not a big consumer holiday, nor was Halloween etc. Now they are thanks to mid 20th century marketers. So now, for two days out of the year people are spending ungodly amounts of money while there's no rational reason to do so.",,""" The ""vote with your dollar"" mentality correct? "". Well, right now I am focusing vote with one dollar toward minimizing the formation of monopolies to be more specific. 1) - "" It's predicated on the assumption of an informed consumer base, which is a pretty shaky assumption to make. "" I would agree that such an assumption would be rather shaky. I have observed my entire life that no individual has perfect knowledge, and thus I place my prediction toward people lacking knowledge in many things. I am a little confused here on what you are trying to convey to me, so I will move on to your next point for now. 2 - People acting rationally is untrue. We would have to agree on how we see rational. People buying things on valentines day does not receive satisfactions from it? You do not have to answer this question, as it seem we are going off course. I thought your concern was the formation of privately owned monopolies. Using examples of monopolies. Moving away from monopolies is creating too many permutations making it difficult to follow. Can you apply your knowledge concern when it come to monopolies. Are you saying the consumer will not be able to tell a company is becoming large?",,
s142,strawman,t3_2igw1u,officerkondo,"So what? Similarly, Christian kids get excluded from Purim and Diwali. Nothing is preventing a really fun TV special about Sukkot. The problem isn't with Christmas. The problem is that non-Christians don't have an equally fun holiday.",,Are you saying non-Christians who celebrate Christmas don't have as much fun as Christians on Christmas? (just clarifying),,
s143,strawman,t3_3bbxyv,OShaughnessy,"As far as a *reasonable* person would, & currently as a society we have decided that it is not to our advantage to condone or sanction civil unions between siblings or close relatives. Far too often the slippery slope argument gets applied when we've merely inched slightly in a particular direction.",,"You're hand-waving away the question. You can't just say ""everyone will always be reasonable about it"", and expect that Americans will permanently, unanimously agree with your current position. You are advocating banning marriages based on the genetic fitness of the offspring; if that's the precedent that you're willing to set, there are a hell of a lot more places where you ought to be in favor of banning marriages. [Here's](https://en.wikipedia.org/wiki/Inbreeding#Measures_of_inbreeding) a table with the relative risk factors for incestual birth. There are hundreds (thousands?) of other genetic conditions that make defective birth more likely than anything in that table. Are you saying that we should ban any marriage that has a 6% or greater risk of producing defective offspring? Maybe more importantly, you're pretending that marriage is the only way that two people could procreate. Procreation is going to happen anyway, a marriage is not about procreation (as society has unanimously ruled in public opinion). Eugenics is not a good argument against two people marrying, and it wasn't a good argument even back in the '60s when people used it against interracial marriage.",,
s144,strawman,t3_26nhjw,Iamkazam,If a piece of art invokes emotion then it's good art. Simple as that.,,"Simple as that? Hah. Is it good art if I write ""The mom died. The end."" What if someone who just lost their mother read it? What about a single mom who just had their first kid and is struggling with the idea that their kid would probably die without them? The 'story' I just wrote might evoke emotion, maybe even strongly in those people, but I don't think it's good art. Art evokes different things in different people. Artists try to achieve different goals. Are you saying still life paintings of bowls of fruit aren't art, because I've never personally seen a bowl of fruit that 'did it for me.' One of the most important things about art is that it's so difficult to nail down. Is it about evoking emotions, expressing philosophy, or creating beauty? When is an image art, and when is it not? If emotional connection is the shorthand you use to assess the quality of art and it works for you, then great, but it isn't, can't be a universal indicator of quality.",,
s145,strawman,t3_248bcr,sheep74,"yeah like if you're not with people you're 100% comfortable with, or you just stand awkwardly you're not going to enjoy it. It is a case of really letting yourself go and enjoying making other people laugh and smile. The worst dancers can be the best people to go to a club with. People who are embarrassed often make it awkward - it's like going to anything where someone just isn't doing the activity. Playing a video game would be pretty unenjoyable if one of the people holding a controller just refused to engage. Just one awkward person can make the whole night awkward and ruin it for everyone - the trick that I know my friends have done multiple times is to just ignore someone's awkwardness and have fun around it, include the person but just pretend they're not being awkward. This can make the other person relax. But that's hard to do and sometimes an awkward standy-still person can ruin the whole thing. If you're one of those people or always go out with one of these people and your friends aren't good at ignoring it, you possibly haven't ever experienced a 'fun' club night even in observation. it's a case of enjoying communication without the verbal part. When you walk out of a club, even if you haven't said a word, you know if your friends have had a good time, if they've spotted someone they like, if they got a bit bored or a bit too drunk. You laugh, smile, scream and dance at each other. You engage with people by enjoying what they're doing with their body, be it funny, silly, impressive, embarrassing, sexy, whatever - and talk back by moving yours. If you don't like dancing, especially if you don't even try to engage, it's likely that you kill the vibe for everyone, so you only ever see the club experience at it's worse.",,"So you're saying it's because I lack any empathic abilities? I mean, I do lack them. People talk to me and I look at their facial expressions as though I was from another planet. Communication without words doesn't go too well for me, and many times WITH words if they're being coy or are bad at sarcasm. I've had nice nights at night clubs actually, though it was because I broke apart from my group, grabbed my notepad from my pocket and did some creative writing. Sometime a year or two ago, my SO tried taking me to a club called Longhorn in Philly, and it was one of the worst nights of my life. I had less than elbow room, couldn't hear conversations unless spoken INTO my ear, and didn't have enough disposable income to get intoxicated on. We spent the entire night arguing because she insisted I'd have fun if I just let myself. BS. Introvert hell is Longhorn bar and night club.",,
s146,strawman,t3_24u1tt,cobraqueef,"The notion of God's existence is absolutely vital for humanity because it offers hope; hope that there is more to this life than school, debt, and work. God and the eternal reward it offers serves to motivate individuals to persist in their mundane lives; hence why you find those living in destitution to be more devout than the rich. The possibility of eternal torment also serves to deter the sensible of believers from harming others and themselves. Without God, nihilism would be far more prevalent among human beings and I sincerely believe that suicide rates in a God-free world would make today's rates seem negligible. Living in wait for eternal reward and avoidance of eternal punishment is necessary for some individuals to endure this seemingly cruel and meaningless life.",,"I'm confused. Do you mean without God, or without *belief* in God? You're saying that religious beliefs give people hope and keep people from harming others, but religious belief is not equivalent to there actually being a God. The very reason religion exists is because people aren't sure whether a god exists or not. If everyone knew, there would be no religion, it would just be another commonplace fact, like gravity or death.",,
s147,strawman,t3_33rye4,ArgueAccount,"If you were planning on selling the car anyway, then you should be able to sell it after I replace the vehicle. After the car is replaced and you sell it, then you may do whatever you'd like with those funds. I believe that it's unacceptable because you actually haven't been inconvenienced, and have instead actually been helped, by the totaling of the car. I am not dictating what the money is used for, the law technically would (as that is what I am trying to change). You would be compensated fully for your vehicle, or even have a vehicle (the same model, year, etc.) in place of your old one.",,"Wait, what? What point does your view serve, then, other than to make the owner go through a bunch of needless work in order to get to exactly the same result as if they just used the money for something else in the first place? Basically, you're saying that, not only should the victim of the accident be inconvenienced by the loss of their vehicle for a time, but they should then have to jump through a bunch of hoops in order to satisfy your sense of justice.",,
s148,strawman,t3_2r07cv,adipisicing,Could you please clarify some of what you are arguing? Are you saying that gender reassignment surgery covers up a complex problem? Is that complex problem gender dysphoria? Or is that problem societal views on gender and sex? Are you saying that society's treatment of people is due to this concept existing? I think that a lot of people would argue that gender is a useful construct to describe how society already acts. Can you demonstrate a causal relationship?,,"I'm leery about clarifying for redditors because it's often part of a dirty argument strategy, aimed at pedantry and henpecking, and baiting the saying of something unpopular. Therefore I'll do this once in good faith, and I wont answer further questions on the same subjects: No. I was talking about the concept of gender among ordinary people. No. I was saying that the concept of gender is aimed at depicting masculinity or femininity in a society as a lifestyle choice, sort of the opposite of being born gay, ""You're choosing to be a boy/girl."" You'll have to be specific in this question, because I cannot comment on ""society's treatment"" in general without first specifying what society, what corner of it, and who's being treated how.",,
s149,strawman,t3_36t890,slow_as_light,"Most ethical vegetarians come to it on their own terms. The intellectual version of this is usually something like this: A more emotional version goes something like: People often become vegetarians for ethical reasons when considering these questions. Specifically, ""What sets 'food' animals apart from 'friend' animals? Should there be food animals? What sort of treatment do they deserve?"" More personally, I found that vegetarianism resolved this question without cognitive dissonance. I believe it's wrong to kill a creature that values its personal wellbeing. I guess maybe I could get comfortable with eating clams and other bivalves, but it doesn't really appeal to me.",,So you're saying there's a hierarchy of animal worth? Clams and Lobsters and crabs don't have the same intelligence as chickens or cows?,,
s150,strawman,t3_1fzbuj,Nestorow,"Thats the emotion i try to get across when trying to explain it to people. Its not anger, hate, despair. The lyrics may have those messages but the screams themselves are just pure passion.",,"Polar Bear Club have a song called ""Our Ballads"" it's about the singer having this acquaintance that used to be in a band and wanted to listen to his music and offer some pointers. Basically after he listened to it he told the lead singer that it kind of alienates the female demographic from their music, which really pissed him off. ""When I scream, it certainly isn't for machismo not intimidation or gender segregation I just needed more from the words I sang. But you can't understand"" ""So you're saying a female only listens to ballads and love songs? The girls that I know wouldn't think so. But according to you our songs should separate all the girls from the boys.""",,
