pair_id,type_candidate,conversation_id,speaker_A,claim_A,challenge,claim_B,label,notes
m001,motte_bailey,t3_3i3wn7,Bongloads4Breakfast,"He inherited money, then used that money to expand his wealth. Similarly, a president inherits the wealth of a nation and is expected to expand it. To me, someone with experience in inheriting money then turning it into so much more (like Trump) is the person who should run the country as the same inheritance of money and expansion is expected during the presidency. Okay, so I'll start with the alienation bit. You're saying that like it isn't how things should be. Noneconomic relationships with other countries only serve to drag the US into unneeded conflict as demonstrated by Israel. Concerning ourselves with other nation's interests like Mexico's when trying to solve problems in our country detracts from our ability to objectively make the best decision for our country. Consequently, the United States should only seek relationships with other countries for trading purposes. Trump's solution to illegal immigration would not cause Mexico or any country for that matter to stop trading with us. The money incentive behind trading is too great for something as silly as a wall to dismantle. Look at Russia, for example. Homosexuality is completely outlawed which is socially a disgrace. However, as we can see, Russia is still maintaining their oil trade (not as well, but that is due to outside factors). Outlawing homosexuality is much more socially negative to a country than Trump's plan for illegal immigration, yet countries continued to trade with Russia. Because of this, I don't see a backlash in trading relations because we have seen countries make socially poorer choices before and we saw the economic incentives of trade cause countries to turn a blind eye. And because we should only care about economic relations, Trump's plan does not alienate us from the relationships we DO want, only the involvement-coercing ones we don't want. Now, as far as your methodology criticisms, yes, illegal immigrants will still be able to slip by the border. However, this is always going to happen. Absolutely no plan we implement will 100% prevent illegal immigrants from coming into this country. You can't criticize Trump's plan for not completely stopping illegal immigration because that's an issue not unique to his plan. It's an issue with every possible plan. The only thing that matters would be if his plan let *less* illegal immigrants in than before, not whether the plan completely stops illegal immigration. That would be an unfair standard. How? As previously stated, we should not have relationships with other countries outside trade because those relationships don't benefit our country enough to outweigh the inevitable conflict that we'll be dragged into. Consequently, business with businessmen and bureaucrats from other countries is the *exact* sort of experience we need. We need someone who will achieve the most economically beneficial deals with other countries for our country. Trump has plenty of experience going to other countries and getting the most economically beneficial deals with other businesses. Why not let him try with our government which is, essentially, a big business? Like what? I'm not saying that you're wrong, but his views on homeland security are a little deeper than what you said here. Pick a piece specifically and I'll explain why it makes sense. First, I would like to attack the first part. The democrats stance is that the rich want to influence policy to get richer. So what do you personally think is the flip side to that? The democrats want to influence policy to get poorer so they can help? NO FUCKING WAY. I'm not a republican or a democrat, but it's absolutely astounding that you truly believe in your heart that democrats aren't also after their own interests with regard to policy. Think about it. Let's say you're collecting welfare. Would you vote for the republican who wants to take that away? No, you would vote for the democrat who wants to keep giving you that welfare. If you're an employee of a business, would you vote for the republican who wants to take away more sick days? No, you'd vote for the democrat who wants to give out more. You can justify that you want these things for everyone, but that's the same justification that the really rich use for the policies that help them. Now, I don't blame someone for wanting policy to help themselves. I do blame someone for wanting policy to help themselves, but personally deny that the policy helps them. On top of that, your argument here is that Trump is wealthy so he may endorse policy that will help his wealth. Again, let's look at the flip side. What if a president received welfare or his parents did? Do you think it would be a legitimate concern if I said that president is only endorsing policy to make himself or his parents more wealthy via increased welfare? No, it would be ridiculous. Do you know why? Because I'm assigning characteristics to people based on their economic status. That's like racism to someone's social status. Similarly, saying that just because Trump is rich means he wants policy to get more rich is the exact same thing. You're making bold generalizations about people based on how much money they have in their bank account. Yet, I thought the democrats prided themselves on tolerance? Just not to rich or white folks I guess.","Thank you for some excellent points. To address one thing I think I picked up on... I'm not a Democrat. I'm not a Republican, either. I've voted for both parties at different times. I guess I would call myself a Libertarian of pushed, but really I'm just unaffiliated/independent. As to your last point, I think I made an error in my OP in the wording. I don't condemn Trump for wanting to make himself richer. And I'm not necesarrily saying the policies that would bring that about are 100% wrong. It'd depend on the specifics. What I was really speaking to is the argument I've heard several people make: Trump's independant wealth puts him above corruption in his decision making process because he doesn't need outside contributions. I was attempting to counter this by saying that he himself, in his future earnings and his children's future earnings, could influence himself to make policy decisions. His company still has the name ""Trump"" on it, after all. So, I'm simply saying he's not immune. In the same basket as every other politician, perhaps. Now, onto your initial points: https://www.reddit.com/r/explainlikeimfive/comments/3cqycl/eli5_how_did_donald_trump_end_up_with_so_much/ Intriguing argument, but I believe you're giving Trump too much credit. I think Ross Perot had a much better argument for business acumen translating to economic acumen. This argument was the most persuasive, to me. It may be true that alienating others shouldn't be our concern, specifically in regards to it affecting trade. Something to think about. But is trade all that matters? If we're seen as accusatory, like Trump has been, does that not make us unreliable in real political negotiations like those the U.N. would have us participate in? Or do you advocate for isolationism? Here, Trump says we need more, newer nukes. http://www.politifact.com/truth-o-meter/statements/2015/jun/18/donald-trump/donald-trump-says-our-nuclear-arsenal-doesnt-work/ This article talks about him making enemies out of allies (related to national defense, in my ""screw off"" point): http://www.businessinsider.com/heres-how-disastrous-donald-trumps-foreign-policy-would-be-2015-8 This article talks about his stance that we should demand money from Middle East countries to fight terrorism. These presumably include countries, like Iran, that are actually fighting ISIS already. http://www.foxnews.com/politics/2015/08/16/trump-wants-money-from-mideast-countries-supported-by-us/","I'm liberty-oriented, myself :) fair enough. Same goes for all candidates I don't think the United States should be involved in the United Nations. The UN does not do anything for the US that the US can't already do for itself if that makes sense. We're able to defend ourselves, perform negotiations with other countries, etc. all without the help of the UN. We did all of that long before the UN existed. The UN only serves to redirect our focus toward inevitable conflict. Now, I do advocate for some amount of isolationism, but not in the North Korea way. Instead of involving ourselves in the politics of other countries, we should only involve ourselves in trade with other countries. With trade comes the spread of ideas, language, culture, technology, art, music, etc. In addition, a country is more reluctant to have conflict with a trading buddy. As we can see, all of the benefits that one would hope to achieve from a relationship with another country can all be achieved through trade. We don't need to involve ourselves in the politics of other nations because we don't receive any unique benefit from it. I don't think that trade is the only thing that matters, but I do think it is the only thing that matters in our affairs with other countries. Again, to reiterate, Trump has years of experience and success in strictly monetary negotiations which gives him a distinct edge on the other candidates. I read that post but I don't think it can carry any weight in the context of an argument. Granted, I did not read through all of the comments, but the highest rated comment had +129 from /u/darkflash26 so Ill assume that's the comment you were referring too. Not once was a verifiable source cited. All I can gather from that is /u/darkflash26 rattled off an explanation as to how Donald Trump accumulated his wealth and that 129 other people think darkflash is right. Problem one being that darkflash26 is not an expert (or at least didn't identify himself/herself as so). Another problem being that the 129 other people are probably not experts. Finally, even if all 129 people and /u/darkflash26 were experts, I don't think that 130 experts is a large enough sample size to infer that all experts think like the 130. Consequently, I have no reason to trust this as a source. I can understand why you could get upset by this. However, I will say that I think the stand point that we need fewer nukes or the same nukes is naive. I'm completely against the use of nuclear weapons, but other countries are absolutely going to be developing more advanced nuclear weapons. Even if we have no interest in using nuclear weapons, we need to continue developing them so we know what we're up against. If we have the most advanced nuclear technology, we also have a starting point from which we can learn to defend ourselves from that technology. We can use advancements in nuclear technology as advancement in *defense against* nuclear advancements. Now, as far as quantity, the amount is for show. If we have a large amount of nuclear weapons and other countries know this, who on earth would attack us? No one. It's a defense mechanism. *Having* nuclear weapons does not make us inherently violent or evil. It makes us proactive and prudent. *Using* nuclear weapons makes us violent and evil. I read this but didn't actually see them quote Donald Trump. I'm not saying they're interpreting something wrong, but I am saying that I can't confirm if everything contained in that article is reflective of Trump. That being said, I think our mentality should definitely be ""screw off"" but in a more nice way. For example, we still need to respect the boundaries of other countries. The US should be able to make decisions for itself as long as those decisions don't impact the sovereignty of other nations. I'm not saying we should station troops everywhere on earth then respond with ""screw off."" I am saying that if someone like Israel, or the United Nations, or NATO comes and asks for troops, we need to tell them to fuck off. We're better off letting countries fend for themselves. I think asking for money in exchange for fighting ISIS is a much better plan than attacking them for free. That's frugal, not stupid.",,
m002,motte_bailey,t3_2emkns,Lady_Corgi,"Sorry, I shouldn't have snapped off a quick one-line response like that. Theoretically, they're private. But they're private in the sense that they're being shared with all of the people who work in that doctor's office or medical center, and they're being transmitted to any future doctor's offices that you go to, and your insurance company, and possibly your employer, etc. They're covered by HIPAA, but HIPAA often does a crappy job of actually ensuring any sort of privacy, especially about highly sensitive things like being transgender.","Your employer doesn't have legal access to your medical history without your permission. Ever. Moreover, I don't see a single problem with other doctors reading my file. It's not like they get bored on break and peruse patient information. If a doctor wants to see my history, more often than not it's because they *need to see it.* I don't have a problem with them having access to pertinent information about my biology, and neither should you or anyone else. Paranoia isn't reasonable justification to withhold information from medical staff.","Unless, for example, your employer is your medical provider as well. What about Janet in Medical Records? Or Chris in the laboratory? I never said you should withhold everything from all medical staff, but sharing things like my trans status from my dentist is reasonable. I don't believe this is paranoia because there are far more cases of discrimination and mistreatment because people have been informed a patient is transgender than there have been cases misdiagnosis or mistreatment when trans status hasn't been disclosed on an intake form.",,
m003,motte_bailey,t3_2ps2mr,brandonjslippingaway,"That's just the point though. Rap is in most cases verbal diarrhoea. The art of song writing is learning how to compress a variety of ideas and themes into verses for brevity. Rap has mastered the art of saying a whole heap of words, but telling you very little. Now don't get me wrong, I like some rap. But the majority of it, even the stuff I like is like cheap amusement and not for it's ""artistic merit."" Rapping even ""good rap"" is also ten times easier than learning to sing good vocal songs. I can confidentially say I could learn (not being a rapper) to rap all of ""rap god"" by Eminem in a couple of days at most. Could many rappers learn how to sing an Aerosmith or a Queen or a Linkin Park (Chester's vocals) song. The only thing even remotely difficult about rap is planning out the rhythm and other rhyming techniques while making the song. Performing almost any of it, is easy.","Perhaps I'm feeding the troll, but this post makes me very angry. It sounds like it was written by someone who's listened to absolutely no hip-hop music. *EVERY* form of music has a high signal-to-noise ratio. That's the beauty (and the curse) of music: all you have to do is try and you too can play the piano or start a band, but very, very, very few people start out with something that's remotely good and even fewer people become good enough at it to call it a career. Hip-hop is no exception to this. Money, cars, ""bitches,"" and living a generally-unrealistic high life has been at the nexus of hip-hop culture since inception. Are there songs out there that spew total garbage in line with this culture? Of course. But what then do you make of many/most of the songs on the Billboard Hot 100? Some of the best poetry that I've ever heard were hip-hop verses. But that's, like, just my own opinion, man. Let's go ahead and listen to your double Platinum-rated album. We'll be the judge. Writing hip-hop is easy. Just as easy as playing some keys on the piano or throwing down some power riffs on a guitar. Doing any of these things well is *really fucking hard.* Have some perspective.","I think this easily gets out of hand. I didn't say no rap is good. I didn't say no rap is difficult. I didn't say I am or have to be an excellent musician, because I definitely do not think so. I'm just acknowledging most rap is much easier to perform than singing or learning guitar solos. Not the least reason of which is because rap is about rhythm and NOT hitting notes. You can have a whole measure of lyrics ruined in a verse and have to do it again because your pitch slipped on ONE note, even with perfect delivery of the timing and rhythm. You are not burdened with this rapping it is all rhythm, and you even have leeway on what your tone sounds like.",,
m004,motte_bailey,t3_37c5ei,SeaStar96,"I'm not pro-lets-bully-fat-people-into-weight-loss. I'm against openly bullying people. But a lot of FA and HAES do have pro-obesity undertones. Also, people have a habit of resorting to bullying others to feel better about themselves. Fat people aren't somehow nicer or have better personalities to be beyond the superficiality. ""where those skinny bitches at"" Meghan Trainer, ""real men what curves not bones"", etc are all examples.","So there-in lies the rub. The reality is that almost no-one has ever woken up saying ""I *want* to be fat, and ugly, and unhealthy, and die early, and get diabetes, etc"". They do it because they're dealing with negative emotions and food brings positive feelings. Just like the basic formula for weight loss is ""eat less than you burn"", getting those who are morbidly obese (like myself) to WANT to engage in weight loss is not shaming. I work out. I work out harder and longer than than my so called ""fit"" friends. I'm losing weight. I'm down over 120 pounds already and am shooting for another 100 or so. But making me feel like shit about it makes me *more* likely to fall off the wagon, not less. Because no matter what else happens today, food *will* make me feel better, it *will* taste fantastic, it *will not* ever judge me, or hate me, or abandon me because I don't fit a model of perfection that is in itself unhealthy (but that's another gripe). Fat shaming is the dumbest fucking thing to do to someone when they're most likely eating *because* they feel bad. And don't even get me started on the assholes who have never in their life had to give up ANYTHING in order to be fit, and then tell everyone it's so easy to be in shape that they must want to be fat. When I get there, *and I will*, then I will be there because I damn well put forth more effort than those skinny pricks have ever put into anything, and I'm not out there fat shaming.","Congradulations by the way <3 I'm not saying that HAES and FA are bad. It's obviously better than ""cmon lardass drop and give me 20"". I meant that sometimes they talk about how weight loss should never happen ever. Obviously that isn't the whole movement. A lot of FA and HAES is about ""lets still work on our health goals while maintaining good self esteem"". But there are outliers that are like ""fat should be the new beauty standard, weight loss is oppression"". A good subreddit that isn't hateful is fatlogic. Some FPH people comment but they usually get downvoted. They don't shame fat people, but they do criticize some of FA and HAES. Just cause someone is skinny doesn't mean they don't eat shitty unhealthy. They probably don't consciously think about what they eat because their appetite is at the same rate as their BMR, and they never had to question their health. So yeah, skinny people who never had to lift a finger to drop weight are incredibly annoying. However, a lot of former fat people do say ""oh yeah diet and exercise"". Its not easy, and as this subreddit already changed my view on, theres actually more to it than that. Its a challenge, but its not impossible. But shaming people is still fucked up. I hate smoking with a fucking passion. It bothers me way more than someones weight ever could. But in the same vien of ""shaming people is fucked up"", I would never condescendingly refer to a smoker as a disgusting ashtray.",,
m005,motte_bailey,t3_20fig7,jetpacksforall,"I thought about trying to implement some kind of tiered system, which is probably how it would have to work in the real world, but for the sake of this thought experiment it seemed too complex to get into. One good bit of news is that (I hope) this scheme would reduce the difference between ""high"" salaries and minimum wage quite a bit: minimum wage would be far more comfortable than it is now. But you're right: effectively the entire scheme would turn into something like a massive contract bidding program, where you ""bid"" the highest salary you think you can get away with before being undercut by your competitors. I think a bigger problem with the scheme would be ""pre-negotiations,"" as in, your employer basically lets you know before the vote that if your salary goes above X amount, you'll be looking for work. Not sure how to get around that issue.","Tiers based on what, and affecting which part of the system? That's the only effect with any benefits that I can see here, but you can do the same thing by simply raising minimum wage. If I was playing with two years of my wages, I'd be extremely risk adverse. Using the example above, I wouldn't take a 5% chance of losing out on $140k over 2 years (fail to find a $100k job) over a 100% chance to lose out on $20k (undervalue myself at $90k/year). This system seems like it removes flexibility from the worker without adding anything new. I can already apply for a job and have a hard requirement for a certain salary, so there's no benefit there. If it fails, I can no longer go for the second best offer or else take their counteroffer. I also can't move up in the world, getting a higher paying job at any time other than one day per two years.","∆ Removing flexibility is potentially a serious downside. Ideally the system would mitigate the risk that you could lose your job and the majority of your income just by asking for 1 dollar more than your employer's willing to pay. I'm not sure exactly how to mitigate that problem while still maintaining the full force of the system. One idea, and what I meant by ""tiered"" is that there might be different minimums depending on a) profession, b) employee's age, c) employee's experience, etc. That way it wouldn't be all or nothing as you point out. I was aware of this problem, but you helped explicate it a bit more. What do you think of a system where, say, ""Pipefitters with 10 years' experience"" get a minimum wage quite a bit higher than a kid out of high school, as a fallback in case they can't find work at their own voted salary?",,
m006,motte_bailey,t3_22a37m,macsenscam,"Part of developing a brain is making decisions (not always the best ones) and learning from the consequences. We are stunting the brain development of an entire generation by adhering to this over-protective philosophy you just described. If you don't allow adolescents to pretend to be adults they may never become adults at all. To me, that possibility is a lot more scary than the possibility of teens going through some trauma because they didn't know any better.","What part of potentially getting knocked up/given STDs/involved in a highly political figure is PRETENDING to be adults? Secondly, how they ACT isn't why their brains are developed, it's a biological process. The only people with 'more developed brains' tend to be rape victims and children that have gone through trauma.","Wrap that shit! There is health class for a reason. And I'm not saying that their brains will develop faster if they face challenges, decisions, and the adult world in general; just that they will not themselves be mature. Part of growing up is taking responsibility, at 17 you should be able to generally make your own decisions or else I would assume you are an overprotected and possibly emotionally crippled product of bad parenting (or what we call ""good parenting"" most of the time). Of course, there is danger of psychological trauma inherent in a 17 year old choosing to sleep with an older man; even if they do use protection they still have a good chance of facing punishment from their parents and society in general for daring to question the puritanical standards of today's moral code.",,
m007,motte_bailey,t3_24svid,sheep74,"yeah first cousins probably is easier to argue, but the resistance you see to it will be A) remembering all the 'mad kings' produced by incest and B) issues with vulnerability and grooming if enough couples show this isn't a problem, then i don't see an issue with it personally.","The problem with the ""mad kings"" argument is that if you're saying we shouldn't allow incest because they may reproduce genetically bad offspring, we should move to 1. legally discourage any people with genetic diseases to reproduce (like autism or any number of other genetic disabilities) and 2. only discourage incestuous reproduction but NOT discourage incestuous marriages that do not intend to have children. I.e., if an incestuous couple says that either they're too old or sterile or idk, in an extreme case, legally state that they will abort any fetuses they end up with (maybe they get a state-regulated pregnancy test every X months and abort any that happen), then we should allow that incestuous couple to marry. If you don't want incest because of ""mad kings,"" you logically have to agree that 1. and 2. should be pursued. I personally find the grooming argument to be the strongest argument against incestuous couples. Arguments against that are that grooming can easily occur outside of relatives, and that this prevents incestuous couples that happened authentically without grooming (e.g. cousins that did not grow up together and suddenly find each other attractive after the age of 18).","I didn't say I argued it, just that it would be argued",,
m008,motte_bailey,t3_2c1r9q,Lucifer_L,Really? So even agnosticism doesn't strike you as a reasonable position?,"As I said in my first comment, I mean only in this situation. In the situation OP proposed agnosticism would be at best not getting involved and at worst, meekly accepting the pain Satan would bring.","But that's assuming that the conceptions of Satan that are built upon and promoted by the Bible and its believers are actually real or true. They could just be pulling the strings from behind the scenes, screwing things up and blaming their favorite scapegoat. I'm not saying this happened, I'm just saying hypothetically, you don't know if that is what transpired. Food for thought!",,
m009,motte_bailey,t3_37i8f6,[deleted],"I get what you're saying here and I agree with the main idea. What I don't understand is why it applies specifically to the father. If you pick someone at random and apply the test, surely they too can afford to give up some rights for the child – should they also send mum a cheque? If the biology makes a difference to the logic and the outcome, why? Why? Remember we're talking about sharing 99.5% of your genes with the child vs. 99.6%. Are adoptive parents less able to support their children than biological ones? If I'm a sperm donor, what responsibility do I have to children that other people made the decision to create? I'm really not convinced that the focus on DNA makes sense in a modern context.","Because he was directly involved in the creation of the child. Probably, sure. No, they had absolutely zero interaction with the mother, zero input on the creation of that child, and zero connection to the mother or child. The father is the *father* of that child. Because the father was a direct party in bringing that child into this world. It's not about how many genes are shared, it's about who helped bring that child life. If the father and mother hadn't had sex, the child wouldn't exist. Not at all. That's why in adoption, the adopted parents care for the child and the biological parents do not. A difference being that the adoptive parents *chose* to take responsibility for that child. None. You waive any parental rights when you donate sperm. Likewise, the mother (or mother+partner) waives (on the child's behalf) any right to the father's income. It's a contractual agreement with all the legality of a binding contract. Perhaps if you and your partner signed such an agreement before having sex it would hold up in court. As it stands in the real world, people don't do that. Again, it's not the DNA that's necessarily important, it's the parties who brought that child into the world in the first place.","All good points. To be clear, I was particularly arguing against OPs emphasis on *""biological parents""*. I agree with the principle of holding those who bring the child to life responsible. That said, things aren't set in stone once you have sex. If the father doesn't want the child to exist once the woman is pregnant, the decision is solely down to the mother – which means that the mother is solely responsible for creating the life. You might equally argue that the sperm donor child wouldn't exist if you hadn't donated sperm – but the child isn't treated as yours because you weren't the one making that decision. Well, I certainly can't think of any other cases where you'd be held responsible for a decision made without you, but a good example might convince me.",,
m010,motte_bailey,t3_2fm9q9,Mavericgamer,"Let's go through some of this. This is the graphics/video card Now you know; one of these doesn't need to be here. And no, a GT 750 is not upwards of 300 dollars. The equivalent card for desktops is about $100, add half that again for making it mobile, and you're about right. Don't try to gussy it up with words like ""custom""; motherboards are all non-standard on laptops, proprietary to the make and model of laptop, as they pretty much have to to get all of the hardware to fit. This is in contrast to a desktop where the motherboards fit one of a few form factors for that style of computer. As someone else mentioned: on a 15"" laptop screen, this is almost certainly overkill. Beyond that, movies on blu-ray and other hi-def media are only going to display at 1920x1080, so you're wasting money unless you plan on doing photo editing on a 15"" screen. Again, it's not custom if every laptop in the line has it. Proprietary, sure. Custom, nah. Also, thinner intrinsically means less sturdy than if it's built even a little thicker. I've personally bent a mac even before their thickness was sub-1-inch. This was true in the 90s. I can't think of a single art program, not made by Apple, that isn't available for Windows. Further, I can think of 3d graphics programs (namely 3ds Max and various tools from the AutoCAD suite) that are completely unavailable for Mac. Sure, you can dualboot through bootcamp, but I could also run a hackintosh so that entire argument is moot. That said, here is pretty much the exact same laptop for under $1,000: http://www.newegg.com/Product/Product.aspx?Item=N82E16834231553&cm_re=geforce_gt_750m-_-34-231-553-_-Product Here are where it doesn't have the same features, or is somehow bringing ""less"" to that portion of the laptop experience: 1. backlit keyboard, which is a preference thing more than anything else 2. a 256gb SSD, instead going with a 1tb hard drive. Again, personal preference, higher storage vs read times. 3. Display at 1920x1080 vs 2880x1800, which is just as good for pretty much every practical purpose 4. The body is 1.09"" thick. Personally, 1/4 of an inch isn't a huge deal to me, but I imagine it must be to a lot of people. Now, features that this has that your macbook doesn't: 1. The display is also a touchscreen. If you're an artist, this can be a huge selling point. 2. A CD/DVD/Blu-Ray RW drive. That model of Macbook doesn't have any CD drive. 3. Upgradability. Even though it's a laptop, I could put up to 16gb of RAM into it, and the extra RAM sticks would likely cost me ~$100, which still keeps me just under half the price of the Mac for a superior machine. 4. The processor in the ASUS laptop is 0.10ghz faster. This is barely noticeable, but I also gave the Mac .3"" of form factor as an advantage. 5. If this breaks, I can use any stock part to replace whatever might break. Shit, I could buy an *entire second laptop* to use for spare parts if I'm feeling particularly wasteful, and I'd still be under-budget for the mac. All in all, certainly if you'd rather have a mac, that's your prerogative, and if aesthetics, the mac's aluminum construction (though I'm not sure how this is different from ASUS's aluminum construction), and an SSD are worth >$1000 to you, then have at it.","Okay, I'll admit I don't know what I'm talking about with the graphics card. That is not pretty much the exact same laptop. Beyond the internal components, it is completely different. That's my whole premise. The **Also, the Asus laptop is refurbished, so you could knock $300 off of my price anyway**. And it doesn't have the crazy display that mine has. So if I wanted The same display as mine has, It'd cost me maybe $400 more. **Now we're talking a $300 difference, which still does not account for a number of things that are mac only.** The Asus has aluminum construction but not an aluminum body, and the body is not simple, aesthetic, or sturdy like the macbook's, which is cut from three single pieces of aluminum (meaning the entire body is made up of only 3 pieces). That's the reason for the $200. I hate this argument. **There's a cheaper version of everything that's just as good for practical purposes. My point was not that the cheapest computer available is a Mac.** My point was that for what you are getting, you are paying a fair price. You don't use the lowest resolution you can find with your computer just because it's practical. Neither do I, and that's the reason the display costs $800. And I can also run both Mac and Windows programs side-by-side, in OS X, and very smoothly, using Parallels. Much better that a hackintosh. I'm not saying that my motherboard is somehow superior to other motherboards. The price, and therefore my point, still stands. I included the word custom just to communicate why I made the price $200 and not something lower. Point taken, but the word's meaningless to the argument. Damn right it's personal preference. What's your point? I'm not saying that my computer is the best that exists. I'm saying that for what I paid, I'm not getting ripped off. I fell like you're not trying to refute my argument, but rather trying to knock macs with this one. Of course it is. I just specified ""backlit"" to justify the $45.00 price. My point was not that my computer is far and away better because it is thinner. My point was that a thinner computer costs more to make, further justifying the high price tag. Fair point. But if mine breaks, I can walk into the apple store and have them replace it for free (for the first year, at least). Is it more expensive after that year is up? Yes. Am I buying an entirely new laptop? No. Could you actually buy all those spare parts with the money left over? Only if you bought the Asus laptop, which I have covered - it's not the same as good as my computer for many reasons. I think you just negated your own argument. No it does not. And I have never needed it. Software isn't installed via CD any more. And any movies I watch are on my computer aren't DVDs or Blu-Ray. I can upgrade my ram too. Not sure where you're getting that from. Not sure what you're saying about half the price and whatnot. Could you clarify? I'm not an artist. If you feel I didn't address anything completely, I'll try to respond.","then your overly-expensive screen is entirely a moneysink; This is literally the *only* time it offers an advantage, since all movies currently are rendered ""HD"" at 1080p. If there is something I'm missing here, please correct me. It's not just every practical purpose, it's that you literally *cannot use those pixels unless you are doing something that you just admitted you don't do*; beyond 1920x1080, movies don't render any sharper on a better display. Also, if you aren't an artist, I'm at a loss for why the idea of art and music programs for mac are a plus? To be fair, I picked the ASUS semi-randomly based on the graphics card; new that same model is still $1,300 [from Amazon](http://www.amazon.com/N550JK-DS71T-Full-HD-Touchscreen-Laptop-Aluminum-Body/dp/B00IAA5BSS/ref=dp_ob_title_ce) but if memory serves, ASUS supports their refurbished laptops pretty well also. But a year's warranty is pretty standard on any new computer. And I own movies on DVD or Blu-Ray. I also do heavy IT work, and need something that might need to read a driver CD; I could carry around an external drive, but that's extra money and negates a lot of the portability/ease of use. Again, this is personal preference, which is what a lot of things are. I'm pointing out these things in advance because otherwise the argument would've been ""This isn't the same at all, look, the hard drives are different""; I'm even giving you it *as an advantage over the ASUS* so I don't know exactly why this is a mac knock? The new ASUS has an option with a 256gb SSD that is at $1,600 but that also comes with double the RAM of the Macbook so I was trying to go with the best equivalent. I think you're paying for aesthetics and prettiness. Which is *fine* if that is worth it to you, but for a PC that has the same stuff, minus the extraneous display (**which is where I feel you're really getting ripped off**) then you're looking at good savings for a machine that will do the same thing.",,
m011,motte_bailey,t3_3dvguq,looklistencreate,"Yeah, I don't have to prove that **all** do either. But as long as there's a significant minority that does, my original claim is correct. So yes, you do have to prove that **all** Keynesian proponents got there the right way and don't just want more public spending, because if not then there are some people who *do* have that agenda, and if there is then my original statement is true. Disproving that many Keynesians are Keynesians because of this agenda is essentially the same thing proving that they all don't. If it's not all, there is a significant minority of Keynesians because of an agenda, otherwise known as ""many."" How the hell am I supposed to prove this? It's obvious, is what it is, to the point of not meaning much. My entire point here was that OP's point two was saying something so obviously true that it probably shouldn't be in a CMV post. It's not rocket science: for every popular theory that can be used to promote a political agenda, some people are believing it for the wrong reasons. Look, neither of us can prove why people believe what they believe. But refuting my claim is logically equivalent to saying ""every proponent of Keynesian theory has no political agenda whatsoever motivating their decision to choose Keynesian economics."" If that's not what you saw in my post, it's definitely what I intended to say.","Again, you're very very cleverly constructing straw men arguments. That's right. I never said that. You do have to prove that ""many"" Keynesians act as you claim they do. Does many = a significant minority? Nope. Here's what Miriam Webster defines ""many"" as. ""Many"" doesn't have to refer to a significant minority. It can refer to a small minority (provided that the number is numerically large enough) or it can refer to a majority. No. This is rather silly. I don't have to show anything of that sort, because I didn't say that ""no one would deny that [my claim is true]"" and I didn't make an affirmative claim in the first place. There's no reason to try to disprove your claim, because you haven't tried to prove your claim in the first place. Then that's what you should have said. What you actually said was quite different. You said that a numerically large number of Keynesian proponents only believe in the theory because it satisfies their agenda to increase public spending. Yet, you haven't provided a single piece of evidence to back that up. Here's an alternative theory for kicks, although I don't claim to support it. Proponents of New Keynesian economics are schooled in economic orthodoxy. Orthodox economics has New Keynesian assumptions at the base of many of its models. Proponents believe in New Keynesianism because it's true (meaning, accepted by the orthodox academic thought), not because it lies within their agenda. In fact, leftists have a variety of more appealing economic models, such as Marxism and the Labor Theory of Value. However, people don't refer to these models, not because they don't support their agenda (they do! and much better than Keynesianism) but because the LTOV is simply untrue.","Doesn't this make it even easier to prove my original point? I thought you were only complaining because you thought I meant a majority, which I never did. Just because it's phrased as an affirmative claim doesn't automatically put the burden of proof on me. As we've seen with our various definitions of ""many"", I've made it pretty hard to refute the fact that there are likely a large number of people who believe Keynesian theories because it fits their predetermined political agenda. To deny this claim would be to deny human nature itself. You use the theories that prove you right. If my statement is less probable than the alternative, that's evidence. I don't need a poll to prove what should be pretty clear given human nature and the number of Keynesians. And, again, how the hell am I supposed to? You can't run psychological scans to determine motivations and nobody's going to admit to it. Your theory is just as baseless as mine, but at least mine has the probability of hedging the bets and only saying that some of these people are doing it for the agenda. I didn't even say how many, just ""many"", which is probable for many motivations given the number of Keynesian proponents around. It's statistically likely. This has nothing to do with my point whatsoever. My ""many"" can very well exist outside whatever group you're referring to with this statement. I suppose you think yours is more valid because it doesn't use that particular word. I have no idea what you're reading into what I said but ""many"" was never meant to be ""most"" or ""all"". It's closer to ""some"". Can we stop beating me over the head with my own vague language?",,
m012,motte_bailey,t3_37gq9y,dombili,"But you do have some things to hide. Everybody does. And the NSA is not after your publicly shared opinions, feelings or what have you. It's after what you want to keep secret. I'm not saying you are a worthy target for NSA to spy on, but that's what the NSA does. It tries to obtain secrets. These are public websites. I'm sure the NSA has a special team to monitor these social websites but that's not their main goal. Their main goal is to obtain notes, photos and other information you keep on your computer or any other electronic device when they feel like it. You may still not be the target of the NSA, but the fact that someone can target you at will no matter the reason is something to worry about. This is not a theoretical concern, stuff like this has happened before. (People working at NSA stole pictures of their ex-SO's etc.) That's not the point, though. I hear this argument a lot. ""Yeah, they made this illegal, but it's not an enforcable law so why should I care?"". That's true, most minor crimes are overlooked because law enforcements have a budget and they have to have priorities. If they arrest everyone who littered or smoked weed, they'd be out of money to catch hard core criminals. What you're missing here is that if you commit these minor crimes and do so openly, you're giving the people who have the ability to lock you down more power than they already have, if they see you as a threat for whatever reason. They can force you to do something that you don't like. Not saying this could happen, but you can't possibly say with certainty that it won't either, simply because you don't know who's going to be having those powers over you after elections. (or appointments/promotions.) This could be because: - Marijuana is already legal in some states. - It's not logical to go after these people, because it requires a lot of man power and in the end you're not even going to be able to convict these people because it's a minor offense. Why waste your resources on people who smoke weed rather than to catch people who those people buy their weed from? This is where you're wrong. In fact, it probably has the opposite effect. Now that everyone knows for sure that government(s) spy on your phone calls, internet communications etc., terrorists either stopped using these electionic means of communication or they adapted and use encryption. There are ways to communicate electronically without the knowing of the NSA and terrorists can easily do so if they want to. Assuming they're not aware of that and don't use encryption, dragnet surveillance is still harmful because the NSA grabs more data than it can chew and there are a lot of noise in that data. If terrorists use unencrypted communications, they don't openly say ""Hey X, did you get that C4 I prepared for you to explode Y Tower?"" on telephone. They use generic terms, terms that every day people use to talk to their colleagues, friends, family or whatever. Computers can not distinguish that and no intelligence organization on earth has the man power to sift through all those conversations to determine whether the people they're listening to are talking about a terrorist attack or something innocent. The haystack of information has gotten too big for the NSA to find the needle. Your view is wrong but this isn't your fault, it's the media's fault who's been feeding you that the ISIS is actually powerful enough to attack the US or that you should be scared every time you go out for groceries because someone can kill you just because they hate your freedom. Assuming you're American, your chances of dying in a terrorist attack is 1 in 20 million. You're more likely to die from drowning in a bathtub or getting killed by a lightning bolt. Can you honestly say that these odds are high enough for you to let go of one of your basic human rights? But you live in a society and the NSA is not just spying on you. Your political views could be harmless and you can be fearless in sharing those views in public places, but some people can hold radical views about the government, politicians etc. and can not express them because they're afraid. Also, let's not forget the psychological side of things and [how differently people behave when they're under survaillance](https://en.wikipedia.org/wiki/Panopticon). Laws and constitution applies to everyone and they're written to protect everyone, not just a particular (no matter how big) group. If you're afraid to share your opinions about things, can you honestly say that there's free speech and you live in a democracy?","Thanks for the lengthy response and responding to each of my points. Well yeah I'm aware of this, but I'm not worried about secrets that aren't used against me. I'm pretty sure they tap mainly communications. I think it would be difficult for them to keep literally all of the information every US citizen has on their computer. I remember this. A policeman could execute me on the spot (and have) if they wanted to, but they couldn't without reprocussions. That's not a reason for me to be worried about the police as an institution. Marijuana is already legal in some states. It's not logical to go after these people, because it requires a lot of man power and in the end you're not even going to be able to convict these people because it's a minor offense. Why waste your resources on people who smoke weed rather than to catch people who those people buy their weed from? /r/trees was still very big before the legalization of it anywhere. I agree with your second bulletpoint whole-heartedly. I wouldn't say it had the opposite effect. For instance: No NSA: all information is uninvestigated, terrorists can communicate freely. NSA: terrorists must encrypt data, which can be difficult. Lone-gunman type terrorists that communicate with a small group of people without a centralized body to communicate with can be monitored. I wouldn't say it has *the opposite* effect, but I agree it has less of an impact than a secret-NSA would have. As an individual I'm unlikely to be killed by a terrorist attack, but the US as a whole is likely to be, considering the 2nd amendment, their numbers, and their efficacy.","Maybe your secrets are innocent and harmless. But what about the secrets of other citizens? Remember; judges, lawyers, journalists, law enforcement officers are citizens too. These people have important professions and their role is critical in a functioning democracy. Let's assume that in 1972, the NSA has the same capabilities that it has today and Nixon is the president. Nixon hears about Bob Woodward and Carl Bernstein working on what's going to be known as the Watergate scandal and orders the NSA to dig some dirt on these journalists without giving the NSA any reason whatsoever because he simply doesn't have to. The NSA finds some incriminating information about these journalists, and hands them over to Nixon. Nixon and his people blackmail these journalists into dropping the report and no one hears about the scandal ever again or few people hear it and it becomes one of those conspiracy theories everyone makes fun of on reddit. Now, I'm not saying these things happen (I can't say the opposite either), but considering the current power of the NSA and how their objective is to collect ""everything"", can you say with certainty that it won't? Can something like this happen in a democracy? Washington Post: [For [now former] NSA chief, terrorist threat drives passion to ‘collect it all’](http://www.washingtonpost.com/world/national-security/for-nsa-chief-terrorist-threat-drives-passion-to-collect-it-all/2013/07/14/3d26ef80-ea49-11e2-a301-ea5a8116d211_story.html). While I agree with you that it would be difficult for them to keep literally all of the information every US citizen has on their computer, you have to remember this: they don't have to. You already post your thoughts on Facebook, sync your files to Dropbox and use Gmail. These companies are basically doing the NSA's job for them. The NSA doesn't have to store your photos in their database. If they want your photos, they simply get an order from a secret court with no oversight (and only [rejected 12 out of 33,949 requests](https://en.wikipedia.org/wiki/United_States_Foreign_Intelligence_Surveillance_Court)) and the companies have no reason but to oblige. That's true. (Assuming you're white.) But you have to make a choice there. Which one are you the most worried about? The policemen executing you on the spot, or that you're killed by a criminal because the police couldn't stop him/her without carrying any kind of weapon? You can say that the information is the NSA's weapon to stop the criminals, but that's not true. Neither the NSA nor the FBI have come out and said that dragnet surveillance helped them stop a terrorist attack. [Source](http://www.washingtontimes.com/news/2015/may/21/fbi-admits-patriot-act-snooping-powers-didnt-crack/?&google_editors_picks=true) I agree with you that the NSA is necessary. I don't think anyone claims that in this day and age, intelligence organizations are useless. They're absolutely useful for national security and many other things. But doing their job at a massive scale hurts them. The NSA shouldn't spy on or care about what books I buy from Amazon or what I write on reddit or who did I call last night at 3 AM. Their surveillance should be targeted at people who're known to be radicals and have the power to hurt their citizens. If they're going to spy on their citizens because they have legitimate reasons, they shouldn't do that at scale. They should do so by getting an order from a court that upholds the constitution and has independent oversight. Maybe. But even if the US is hit by a terrorist attack, the number of lives lost (I know this sounds cold) would be so small that it wouldn't make sense to limit everyone's basic rights. As a foreigner who live in a country that has strict gun laws, 2nd amendment sounds absurd to me but considering the date at which the US Constitution was written, it makes sense. That's why as a democracy, you should debate on modernizing your constitution to today's standards. I know lots of people have died (especially children) because there's a gun culture in the US, but if you start limiting your rights as citizens every time some tragedy occurs, soon enough you'd end up having no rights at all.",,
m013,motte_bailey,t3_335imf,britainfan234,"If there really was a heaven then this isn't neccesarily a bad thing to let happen. Sure God could fix all those things but half of them include the free-choice of man, something the bible preaches is important to god. If he were to stop them then he would be taking away man's free-choice, essentially making puppets out of them. The other half are part of life. Life will have challenges and suffering and it is not neccesarily bad for God to allow you to face them. Again he seeks not to make puppets out of you. So? He also created the entire population of the world. Death isn't even neccesarily bad. True I think this provides a bit of controversy in the teachings since God is infringing upon the evil mens rights to make choices but eh, after that 1 time God promised not to do it again. Wrong, he banished them from his presence because they disobeyed and betrayed him. They went on to live and have children. I actually find this statement quite ironic since you are phrasing this entire argument on the bad side of God. You are picking and choosing. If you want to blame God for all these then you must all contribute all the happiness and everything in the world to him. That alone would make him worth worshipping.","I would say that the rights of men are a man-made concept that God allows humanity the priviledge of having. When he flooded the world, it is recorded in the Bible that they couldn't find a single good person other than Noah and his family. Literally not one. If God gives life, he has the right to take it away.",What I meant by that is if he did it then then why wouldnt he kill all the evil guys now? He doesn't have to flood the world to kill all the bad people.,,
m014,motte_bailey,t3_2i7mpy,UrbanZenMonk,"That company is ripping me off, just fine, no argument from me but at the same time, my insurance costs in my city, are still double that of a larger Alberta city. I'm now comparing my newest rate with my Calgary, Alberta one. So, I am going to be held up on that point going forward as your next point didn't hit it. I asked this for a specific reason because I did expect this type of answer. Calgary is over 1 million. My current city is 337K. Calgary is in a much worse position in terms of hail damage (wrote my car off in 2010 - imagine my costs on insurance on a car written off - anyways (they just had another, this year)), flood damage (2013), crime (first city I came home to a murder scene), etc. Though, my cities crime is slightly higher, though, auto theft is way higher in Alberta, as a whole (http://en.wikipedia.org/wiki/Crime_in_Canada) Another important note is Alberta is a boom province so people like to come and go. So, comparing actual disasters, demographics, etc. this Alberta city is miles worse than my own. My own personal opinion is Alberta drivers can't drive, either (I made 2 claims from people hitting my car (and one more from a parking structure leaking onto it for 4 total in about 5 years)). Nice eh? I should add I don't drive my car outside weekends... When talking about American companies, a coworker went down and had blue cross insurance. Many hospitals wouldn't even take that. Not really competitive but can't blame regulations for that, necessarily. I, also, hear states won't let you sell insurance across state lines which is a regulatory protective practice as one state may be able to do business cheaper. Think ""telecommunications"" and how regulations have made almost every single country suck for telecommunications. South Korea's been doing well, but, they went free market, instead (but I'll give them credit on their educating the masses on internet use via Government). I think regulations, as you said, when properly done, are good. They have lowered emissions in California, but I, personally, don't believe they've scored me any deals. However, I also think regulations are a synonym for ""for good business practice."" I think any company, still around, ripping customers off, is being protected by the regulations that people think are protecting against them.","One of the interesting things about regulations is that, when done properly, you experience...nothing. You aren't poisoned by bad meat, you don't get ripped off by a company, the water supply isn't horridly tainted, you aren't breathing in smog, you aren't getting cancer. Check out [Government is good](http://governmentisgood.com/articles.php?aid=7). Typically what happens is that if you have a ""good regulation"" it becomes a good business practice, is assumed by everyone, and then everyone forgets that it was ever a contentious issue that was raised in the first place.","Whoa let's not carried away, here. Government is ""not good"" and I can show you the ""War numbers"" of death if need be but this is getting too far out there. CRTC exists, in Canada, so Rogers and Bell, our big telecommunications companies, can tell Netflix and Google how they have to sell cable packages because they do it this way. Netflix can operate in a free market, Rogers and Bell are clinging to regulations because they'd be destroyed in one. We fight to keep the internet free, unregulated, but don't believe that logic applies to anything else. I can't buy your comment because everything you wrote has happened in Canada. We have had poisoned meat: Maple Leaf. We have had poisoned water: Walkerton. We do get ripped off by companies (car insurance, hence why it's a political issue despite being private companies) all the time. Of course, I can sit here and call out different area's all the time but that's the point. Is the difference between Walkerton and my own city our policies? No, it's the people. The idea that if we didn't have regulations, someone would just be dumping poison into the water is ridiculous. When are accidents accidents? Even under regulated industries, things fail and we create more regulations. My company does this automatically as it costs money to fail like this. I'm not saying you said that, but being negligent on drinking water, given it's importance, would be like just dumping poison straight into it. As well, stealing Maple Leafs' listeria outbreak it had some years ago, I feel suggesting regulations ""saving everyone"" means someone at Maple Leaf was trying to kill people. IF that is true, they can be charged as such. We don't need regulations for that, murder is already against the law.",,
m015,motte_bailey,t3_2xhx6v,KrustyFrank27,"So if I called you a bitch right now, is it okay because I didn't call you a female dog? If I called you a dick, would it be okay? I'm not rally calling you a penis, after all. Just because a word is ""divorced from its original meaning"" doesn't mean that the use of the word is okay. Imagine if the word ""hetero"" were to became synonymous with ""stupid"" or ""terrible"" tomorrow. How would you feel? Would you feel like people are calling you terrible simply because of your sexuality? Because that's how gay people take it when people use ""gay"" as an insult.","""Bad"" was used in older English to describe a feminine man, which was considered derogatory at the time. But we don't use it that way anymore, it is literally the same thing with ""gay"". Should we stop using ""bad"" now because it used to mean something else?","I'm not saying that we never use the word ""gay"" ever again. I'm just saying that we shouldn't use it as an insult, and only in situations where we discuss homosexual people. You may have noticed that I never said anything like that. We don't use ""bad"" to mean a feminine man anymore, so this isn't an issue. But ""gay"" is currently being used as both a word meaning ""homosexual"" and a word meaning ""stupid."" This is how it is being used RIGHT NOW, and it's insulting.",,
m016,motte_bailey,t3_1kjxxx,Deadman-Running,How am I projecting my views? I'm just telling people how I feel.,"You're assuming that your views are universal, as opposed to specific to you; that's projecting. I have no problem with my wife sharing her religious views with me.","I asked ""how am I projecting"" not what projecting is. That means I was asking what have I specifically said to suggest that I was projecting. I already admitted In the original post I was, but not anymore. I never said all atheist do x or y, I'm merely talking about myself now.",,
m017,motte_bailey,t3_2osnqc,Troy_And_Abed_In_The,"See here's where my disagreement lies: I don't agree that talking about race is the same thing as talking about prejudice or discrimination. It's one thing to say, ""Hey! He put in prison for smoking weed, but the white guy down the hall only got a few days of jail time. What gives??"" and it's another to say, ""I smoke weed because of my race, so you shouldn't put me in prison or else you're racist."" Granted, that is a gross oversimplification of the matter at hand, but I've heard a lot of that lately. Perhaps the reason is because once in prison, the issue can't be discussed so there is a need for pre-emptive action? is that it? The police brutality example is a good one and I do believe that stereotypes are playing in heavily. I wish that the information I've heard on the cases from the media was more reliable, but I can't see a feasible way of changing the stereotypes without exacerbating racism. I would think that laws governing the actions of the police applied fairly would solve the issue. If the judge rules unfairly, try the judge.","I think you're just splitting hairs on terminology. Racism may have a specific definition to a sociologist, but as used colloquially, it's referring to the prejudice and discrimination, motivated by race, that we see in our society. You have to keep in mind that it's likely that the person you are picturing in your head who would say *""I smoke weed because of my race, so you shouldn't put me in prison or else you're racist""* is likely a stereotype filtered through your own (conscious or subconscious) biases. The real individuals who you based it on are products of our system, and as such, probably don't have the educational tools to formulate a more concise argument using better terminology. Focusing on how a message is delivered, rather than trying to understand the motivation and intent behind it, is a contributing factor for why things are so shitty for minorities in America.","Awesome. I would agree with your post, but I suppose my comment didn't convey what I meant to to you because of my improper terminology. I just can't help but think that giving awards to black and Latinos people in highschool to encourage diversity, or providing federal grants and assistances toward black people actually *encourages* racism. If nothing more than just making the races that don't get those benefits feel inclined to think less of them; it is still promoting racism. So in that sense, I don't think that talking about prejudice and discrimination is the same thing as talking about race. We discuss race and end up with programs like these that reinforce our stereotypes. Edit: Mexican to Latinos",,
m018,motte_bailey,t3_2p11bw,speedyjohn,"Are you okay with movies being racist so long as they're not ""about spreading pro-racial equality values""? So, so long as I'm not making a movie that's about civil rights for racial minorities, it's perfectly acceptable for me to throw in a bunch of Latino gardeners being super lazy while watching a blackface minstrel show? Perpetuating stereotypes is bad, even if that's not the express purpose. See above. It's not about ""injecting feminist theory."" It's about *not* perpetuating negative stereotypes. I don't know who ""you guys"" is, and I would prefer it if you didn't lump me with people whose position I don't necessarily share. I would be absolutely fine with a female villain: that's a woman in a role where she actually has as deep and interesting character ""presumably."" ""Portraying women negatively"" is portraying them in a way that affirms society's negative stereotypes. It has nothing to do with their character being a good guy or a bad guy. Um, no? I don't hold this position at all. Please don't put words in my mouth. Being sexist has absolutely nothing to do with the attractiveness of female characters. Again, it's because it perpetuates the stereotype that women are *only* sex symbols. Of course. Just like black people won't like my minstrel show movie, but that's okay because wealthy white people are my target audience. There's a huge difference between targeting people who aren't feminists and actively acting contrary to gender equality. Nothing. I'm a man, and I enjoy watching movies with sexy women in them. I just want those women to *do* something other than basically being eye candy. There are plenty of attractive male actors, but you rarely, if ever, see them in movies where their only role is to be attractive on screen. It has absolutely nothing to do with taste. Well, unless you count being pro-stereotyping a taste. For example: say I'm a neo-Nazi. I really like watching movies that tell me how the Jews are slowly destroying our country. Why are all the pro-Jew tastes out there more valid than mine? If film studios want to make a movie about how awful the Jews are, all the offended people out there can go fuck themselves. I'm not saying that. At all. Again, please don't put words in my mouth. What I am saying is that they shouldn't *only* play roles where they serve no purpose other than to essentially be attractive and have sex with men. So long as there's an equal distribution in agency between men and women, there's no reason why *every* female character needs to be a ""feminist idol"" (whatever you mean by that).","You seem to misrepresent Bond movies. They do contain many kinds of women: M and Moneypenny are ""strong female characters"" ([whatever that means](http://www.scifiwright.com/2013/11/saving-science-fiction-from-strong-female-characters-part-1/)), and some Bond-girls are the accomplices of the main villain, trying to murder or distract Bond, so they aren't just eye candy either. Some of them are smart and cunning. You can't just sweep all this aside and say Bond movies only ever have stupid bimbos. But not everyone in a movie can be a major character. Some people are in supporting roles, and this is okay even if some of them happen to be women. You can't demand all women be important story-wise, it's an unrealistic expectation. Considering how the Bond franchise has both kinds of women, if you say the strong female characters are okay but the sexy brunettes aren't, you are implicitly saying that **every** female character in the movie must be strong and empowered. This again is an unrealistic expectation. If you're not a radical ideologue you must accept that *movies should be able to have diverse characters which include women who are weak, dumb, sexy*, etc. Now, if we accept that not *every* female character has to be important and empowered, feminist critics can only find fault in the Bond franchise with big bosomed bikini babes. This is why I say lots of people confuse 'sexism' with 'sexy' - they believe that employing actresses who are visually pleasing to the average fellow is a ""sin"" in and of itself. This has nothing to do with stereotypes, sexism or discrimination, it's people being puritans and showing their anti-male biases. ([See the page 3 shitstorm for an other example of the same thing](http://en.wikipedia.org/wiki/No_More_Page_3).) There is nothing inherently wrong with eye-candy characters. I will address your comment point-by-point soon :)","Remember when I talked about not putting words in my mouth? I never said anything about ""strong female characters"" nor did I ever say ""Bond movies only ever have stupid bimbos. M is a ""strong female character"" *when she's a woman,* which is only 1995-2012. I'm not claiming that every single female character is bad, just that, over 25 films and half a century, I can count the good female characters on one hand. As for Moneypenny, do you seriously want to discuss whether a secretary is a good female role model? Okay, so instead of just being there for Bond to have sex with, they're there for him to... not be killed by and then have sex with? That's not much different. Sure. Again, my complaint *isn't* that women shouldn't be supporting characters. It's that women are *exclusively* supporting characters. Practically every major character, minus maybe two or three, is male. Stop trying to set up this straw man. I have repeatedly said that I am not demanding this. I contest this (again except for two or three). Once again, the problem isn't the existence of sexy brunettes, it's that that's all there are (okay, there are sexy blondes, too). Nope again. Once again, this isn't the problem. The problem is when the franchise depicts a world where a woman's only role is in service to a man. I'd like you to point out two examples, other than 1995-2012 M, of a woman who fits this description. I have nothing against eye-candy if there is also non-eye candy. As for your links, the ""page 3 controversy"" isn't really relevant (again, I have nothing against eye-candy). As for your first link, the central premise is flawed. It draws a distinction between ""strong masculine characters,"" which is described: Whereas ""strong feminine characters"" entail: Just look at the adjectives being used here. Men are ""direct,"" ""confident,"" ""coolheaded,"" ""honorable,"" ""cunning,"" ""unerring,"" and ""bold."" Women are ""delicate,"" ""coy,"" ""slow,"" ""loving,"" and ""patient."" It also does not involve ""sudden... bravery,"" but rather ""rearing children."" If this isn't an inherently sexist premise, I don't know what is. Are you, with a straight face, telling me that you believe the following statements are not *blatantly* sexist?",,
m019,motte_bailey,t3_2gea6k,IAmABlasian,"I'm sorry for your lost. I'd say that we all as people aren't completely conscious of our actions. Sure you may have thought that you showed no emotion when in reality your body language showed that you were grieving. Some indications would be showing [microexpression](http://en.wikipedia.org/wiki/Microexpression) of sadness when you talked. Your posture may have shown vulnerability depending on how you felt. You could also look at your relatives around you who are more emotional and easier to read thus being able to come to a conclusion. Overall, someone who is good at reading body language would have been able to come to the conclusion that because this 15 year old boy is showing multiple signs of sadness and is dressed very nicely, he very well may be going to a funeral. Being able to tell if it was your mother who passed away would be another story. We would although be able to infer that whoever did pass away was very close to you.","First off, this is from the page you linked: So, if it was not a high-stakes situation for me (there was nothing that I was actively trying to lose or gain, my mother had already died and I wasn't trying to fool anyone about my feelings - if someone asked me I was open about how I felt), and I was not consciously trying to conceal how I was feeling (which I wasn't; as I said, I was open about how I felt, it just didn't translate visually), but I was very aware of how I felt (again, we have covered this), then there is very little possibility, if any, that I would have exhibited microexpressions. And even if I had, it takes a very keen observer, usually someone who has training, to spot microexpressions. With regards to seeing the people around me, you are adding things in that would help you. There were times that day when I was not surrounded by family. You may have seen me simply standing on a sidewalk in town, no one else around me. In the end, this is all a moot point. Even if you can figure out exactly what was happening that day, all you would know about me is what was happening that day. You still would not know ***me***. As I said before, there is absolutely no indication there of what I am actually like, what I enjoy doing, how I normally dress, etc.","You are comparing this to your own point of view, your own paradigm of the incident. Sure you may *think* you showed no signs of emotion when in reality you could have been an open book. I used microexpresions as an example but that is not even the best indicator (knowing that it wasn't a high stakes situation). The best indicator would simply be your body language, your posture, your presentation. Unless you were **consciously** thinking of ways to make yourself look completely normal showing no emotion, then your body language would show that you are sad or unhappy in some way. &#8710; I may have to edit my original statement but essentially what I meant is when you judge a book by its cover, your judging it by the way it presents itself at that moment and from there you can use context clues to figure out the ""full picture"". At that moment when you were dressed nicely with your suit (your ""book cover"" at the time). I could make a judgement and come to the conclusion that you were going to a funeral. From here I could use context clues or other observations such as your surroundings or a small chat with you in order to make more judgement on what your personality is, what you like, what your family is like, etc... Until you really get someone at a baseline, ( a person behaving normally) that is when you can actually start judging them by their ""cover"". You are correct I wouldn't be able to figure out *you* by just seeing you at that point in time. I didn't take into consideration some sort of ""mask"" or anything that is preventing a baseline and for that I give you a delta. I still do believe though that you can judge a person by their appearance if they are in a normal state. Even if they aren't, you could still pick up on small characteristics that make up their personality.",,
m020,motte_bailey,t3_254zub,BenIncognito,"Oh, I see what you're saying. Well, this would require the public be made aware that a company is becoming an abusive monopoly before it happens. And without government involvement, they have no onus to give you that information. Also, what if a company wasn't abusive until it has the monopoly?","At least 2 groups have that onus to spread that information: 1) potential competitors 2) people who trade in information (journalists, bloggers, etc.) Coincidentally, these are some of the same people that give out that info already, in our current system. Additionally, govt is just as capable of lying as a company. I imagine this could definitely happen. But the moment they become abusive, they create a demand for competitors who aren't. The more abusive they become, the greater demand for an alternative. Their own actions create their demise.","I'm not saying it isn't. But there's always this promise that the free market will make everything wonderful because everyone always spends responsibly and has all of the information it needs. And neither of those things ever seem to be true. Even when information is leaked (remember when we found out a lot of our chocolate is produced by child slave labor?), it rarely seems to have an effect. Unless they use the power the monopoly gives them to stop competition before it gets started. Let's say you control the cable lines to people's homes, your competition needs to build its own lines now. A prohibitive barrier to competition. Also, what is preventing all of the competition from forming an organization that acts as a de facto monopoly?",,
m021,motte_bailey,t3_235swt,jpariury,"There is a substantial resistance to the idea that the wealthiest Americans have a moral obligation to pay a larger share of taxes as part of funding the ACA. The way I've seen the counterpoint argued is generally something along the lines of ""I'd love it if everyone could get good healthcare too, but that can't be paid for by unicorns and rainbows"". This seems to imply a principle that while helping people is nice and all, it would be immoral to take from others - their right to the fruits of their labor outweighs any benefit that can be garnered from providing healthcare to a faceless ""other"". Is there a moral principle I'm missing that should compel me to believe my sovereignty over funds in excess of my sustenance needs demands higher authority than the need of others to survive? _____",the problem isnt that the govt doesnt have enough money. The problem is the govt spends money and has so many unintended consequences.,"I think that's a different line of reasoning than the one I'm addressing. I'm not saying that it's valid/invalid nor that it doesn't occur, I just think it's outside the scope of the belief I'm posting a view on in particular.",,
m022,motte_bailey,t3_1e7dc0,whiteraven4,"I think there's a difference between saying 'I wouldn't chose to have a gay child' and 'I don't care if my child is gay'. Life is harder for someone who isn't straight because there are prejudices against them and many people will hate them just because of that. I think it's perfectly natural to want to protect your child from that and no one would chose to have their child go through it. I don't think your view needs to be changed per se, but maybe you might want to change why you feel that way?","I suppose this is true. I'm still uncomfortable (with myself) for saying such a thing. Are you saying it's not actually a bad thing to feel that way, that I'm reading way too much negativity into it? And what do you mean I need to change *why* I feel this way?","I think it matters why you feel that way. There's a huge difference between someone who doesn't want a gay child because they're a homophobe (I'm not saying you are, just giving a clear example) and someone who doesn't want a gay child because of the difficulties associated with it. Personally, I think 'not being able to relate to your child dating wise' is a bullshit reason. Aside from the fact that dating will be harder for them, they will be just like every teenager and there's no reason you can't relate them.",,
m023,motte_bailey,t3_2w4u2j,huadpe,"[This CDC paper from the 90s](http://www.cdc.gov/mmwr/PDF/rr/rr4512.pdf) on vaccination schedules for children goes over some of the risk factors. There are people who should legitimately not be vaccinated (anyone who is immunocompromised) and in rare cases, giving an immunocompromised person a vaccine can be fatal. Likewise, as with basically anything, some people have allergies. And anaphylaxis can be fatal. These are not reasons to not vaccinate, unless your kid is immunocompromised, but yes, vaccines can very very rarely cause death. Still way more likely to die in the 5 min car ride to the doctor's office though.","Here was my somehow deleted comment from your original post/response to my CMV. First of all, do you have concrete evidence that vaccinations DO in fact cause death or have negative side effects? Yes, vaccinations may not be 100% effective, and yes, sometimes they do fail. But, it's been found that they more likely that vaccinations will help a child than harm one, so shouldn't it be the parents' responsibilities to give their child the medical care that can potentially save their life? To this day, thousands of research has been done on the potential risk factors and hazards related to getting vaccinations, and they have still yet found nothing that proved it be the direct causation of death related to chronic conditions. If they had, we would have already found out. Secondly, even if getting diseases like mumps is rare, it's always safe than sorry. Viruses are constantly changing and getting stronger. The reason for why they are getting immune to many of our antibiotics is because they are not being thoroughly and properly used. We should not give them any room or space to develop and find resistance. Therefore, it doesn't matter if there aren't as many cases of mumps in the middle of Iowa, it's still necessary and important to get your child vaccinated. Lastly, this is probably my fault for not clarifying as well, but I am talking about vaccinations for young children (infants). These specifically include the: - Chickenpox vaccine - Diphtheria, tetanus, and pertussis vaccine (DTaP) - Hepatitis A vaccine (HAV) - Hepatitis B vaccine (HBV) - Hib vaccine - Human papillomavirus (HPV) vaccine - Influenza vaccine - Measles, mumps, and rubella vaccine (MMR) - Meningococcal/meningitis vaccine - Pneumococcal vaccines (PCV, PPSV) - Polio vaccine (IPV) - Rotavirus vaccine It's your decision whether or not you or your 17 year old child gets a flu shot, but all children (who aren't able to decide for themselves) should be required to get all the recommended vaccinations.","I'm not the person who made the top level comment there, and am not going to defend what they said. I am not saying parents should not vaccinate (except where specifically medically counterindicated, which is super rare but not unheard of). Chronic conditions? The nature of chronic conditions is to not be very fatal in most cases. I'm sure someone in the history of medicine got measles encephalitis contracted by getting a measles vaccine (probably from being immunocompromised, which also raises the chance of that complication). And it can be fatal. So maybe? I just was being a little pedantic, and I think the anti-anti-vax movement does itself a disservice by not talking about the very small risks associated with vaccines, since it allows anti-vax people to waive those small risks around as if they're big risks. Better to confront them head on.",,
m024,motte_bailey,t3_2pnm9s,draculabakula,"Nelson Mandela got out of prison after 20 years, immediately got married, and proceeded to change the world. Starting over is clearly not as bad as living in a prison for the rest of your life. Many prisoners chose to use their prison sentence to educate themselves and read heavily. To be able to leave prison and see some of the places you have read about would be a great experience. Also, let's be honest. Most drug deals aren't doing it to get by. They do it to get ahead and many are violent and ruin people's lives.","Mandela is a single example. And I can give you too many examples on my street alone why it isn't great for most people. And yeah we all know that one dealer who sold for the attention. But the vast majority I knew had a very good reason for hustling. Paying their way through school, needing to buy expensive meds, being hungry when no one would hire them. They weren't violent people, they were people in need of help.",I'm not saying 20 years in prison is a great thing. I'm saying it's preferable to a life sentence. Name someone would changed the world like Mandela while serving a life sentence. My point you can start over with a 20 years sentence and impact/ experience the world. You can also start over in prison but it the influence you have will most likely never leave the prison and it is a very limited set of experiences. As far as the nature of drug dealers is concerned. The drug dealers I've known have typically been in it because they didn't know better or chose not to care. The fact of the matter is that tens of thousands of people die every year because of drugs and drug dealers don't give a shit. It's a completely selfish act that gets a lot of people hurt. I know how it feels to not know if you can afford to eat or not. It never got very bad to me but for friends it did. They stole food. I don't buy any justification for selling drugs. I happen to think our society needs to do a whole lot more to help people in difficult situations because I would judge the act of selling drugs as wrong but I do think it is an extremely nearsighted and selfish act.,,
m025,motte_bailey,t3_31j4y8,paynehouse,"You are generalizing the views of both parties, and most of what you mentioned aren't even social issues...","""Social Issues"". Please define that term. Otherwise, things like welfare/education/regulation/marriage/drugs/civil rights/handicap rights/regulation/public infrastructure are all social issues that affect us ""Socially"". BTW, exactly when did I mention a single political party? We're not talking about political parties. For example, the Republicans are as much ""for education"" as the Democrats. Only the Libertarians are against public education. Even Republicans are in favor of Civil Rights legislation, which was notably *bipartisan* during the 1960's. Only the libertarians demand the repeal of ""overreaching"" Civil Rights. So get your ideologies straight. I'm comparing typical US Libertarians against typical US Liberals. They are almost opposites in every single issue except for marijuana legalization. ""Socially Liberal"" is a bullshit marketing term Right Libertarians have attempted to use to court members of the Left. But in reality, Libertarian philosophy is probably the farthest on the right of anything in America.","Social issues are things like gay marriage - that don't involve money or corporations, etc. Welfare and healthcare isn't because the main question is whether or not to privatize it or keep it public. We are talking about the fiscal part of these issues. You mentioned a political party when you mentioned Libertarians. Libertarian is a political party. Also why does that even matter? You knew what I meant. Also Libertarians aren't *against* education. They know that education is necessary. Most of them are against public education as they think the private sector can do it fine themselves. They also think that it shouldn't be mandatory. And really, why should it? If someone doesn't value education then why should they have to get one? Libertarians are the farthest ""on the right"" in terms of fiscal concerns and the farthest ""on the left"" for social concerns. I suppose you could say a fiscal concern *is* a social one as well, so let's define fiscal as anything to do with money. If it doesn't, it's social. I'll give you some examples. Drugs: democrats and/or liberals want some drugs to be legalized and most of them want a large portion of the drugs to be decriminalized. Libertarians want either all drugs to be decriminalized or all of them to be legalized. Marriage: I've never heard a Libertarian say he was against marriage, unless it had to do with his own moral guidelines. Most Libertarians that I know want it to be legal for homosexuals to get married. Product regulation, welfare, healthcare, education, parks and infrastructure, tax, etc. are all fiscal problems. Or I should say, Libertarians are concerned with the fiscal matters of all these things. What makes Libertarians appear as far right are their views on these issues. It's pretty naive to generalize all Libertarians as pro-big business. I, for one, don't care if large corporations are taken down. What I *do* care about is when anyone has his rights impeded on, and that includes big business.",,
s001,strawman,t3_2a9mfz,MrF33,This is a gross oversimplification. The point is that everyone is expected to hold their end of the contract entered into by becoming a citizen (even if by birth). If a person feels so strongly that they are not willing to participate in this contract are free to leave the country and not receive the benefits of citizenship.,,"So you're saying that by virtue of being randomly born in a certain country I owe that country something. People's nationality is completely arbitrary, they didn't agree to anything and you have no right to force them to do anything because of a non-existent contract. The government does not own me, it cannot force me to fight. This is a gross oversimplification. You could apply this logic to anything and it would be just as wrong. In the spirit of a proper democracy the human rights of the individual cannot be overridden by the majority when no crime has been committed regardless of how big that majority is. Democracy ceases to be democracy when tyranny of the majority is enforced which is what the draft is. Forcing someone out of their country and revoking citizenship for refusing to be enslaved is easily one of the most fascistic things you can do. You claim people are free to leave the country when you know full well that's an unrealistic and unfair proposition. You have no right to do it regardless. Citizenship is not earned it is inherent. You cannot take it away from a naturalized citizen for any reason.",,
s002,strawman,t3_31ocvw,theWet_Bandits,"I want to see if somebody can change my view. I don't think the death penalty is harsh enough for serious crimes like first-degree murder (especially of multiple people) and manslaughter. If somebody is contemplating suicide, they may decide to commit a heinous crime instead with the death penalty. I am not suggesting torture, but maybe life in solitary confinement. Basically, if convicted of one of these heinous acts, I think they need to endure punishment where they wish they were dead instead of actually being dead. Death to me seems like an easy way out. I think it may be a deterrent to commiting such crimes If there were a harsher penalty than death. I am by no means an expert in the area of criminal punishment (which I have probably made clear) however it maddens me that people can commit such inhumane crimes and simply get an injection that causes them death (which they probably don't mind dying anyway) EDIT: There were several great points made. While it is my personal belief that serial killers and terrorists and the like may deserve ultra harsh punishment, that doesn't make it right. And ultimately it wouldn't solve the problem. Thanks, all",,"There are many times when a lawyer will tell his client to plead guilty and then try to get a lesser sentence instead of no sentence at all. A famous example is Clarence Darrow's defense of Leopold and Loeb, two teenagers accused of kidnapping and murdering a small child. Darrow chose to plead guilty and successfully got life imprisonment for the boys instead of a hanging. You're saying that it would be much more cruel to subject criminals to life in prison than to death, but one of the boys mentioned above (can't remember which) was released several years after incarceration, no longer seen as a threat to society. He moved to some other country and lived a peaceful, normal life. Now ask yourself: what's crueler? Irrevocable, permanent death, or a chance at redemption, whether in the eyes of the court or God?",,
s003,strawman,t3_1di0zr,PossumMan93,"The harm in letting someone believe something that is not true because it benefits them, is that resorting to acceptance of belief in things that are not true leads to a society in which facts are irrelevant. Accepting beliefs in things that cannot be proven false leaves us with a society that is decidedly worse off than one that doesn't. Lets say a ton of people decide that the world was created by a God that hates women and wants us to kill them all. No one can prove this is true or false. But if we stop caring about what is true (falsifiably, empirically true) then it doesn't really matter. If enough people believe this for one reason or another, our society is finished. If we care about what is true, we avoid the infinite number of situations just like the one I just posited that can result from not caring what can be proven to be true or not. And that's important.",,"Even though I warned against an argument pointed towards religious extremism, you jumped right to it. I will ignore it, but you would be well to pay more attention in the future. What I find interesting about your example though, is that you seem to be saying that if we cant prove it's not true, then it doesn't matter, which totally ignores the moral argument against killing all women. Anyway: But I don't think that you understand that these choices over truth over ideology happen every day, completely removed from religion. It's a choice we all make, as none of us can never possibly be fully informed, so we trust our biases to lead us to a conclusion that already makes sense to us. Facts are already largely irrelevant, except for the few that care enough about an issue to do their own legwork. As sad as it is, by human nature facts ARE largely irrelevant when you're talking about a society. It doesn't mean society is finished, because no society ever was never based purely on scientific, empirical knowledge in the first place. Pure believe in science, removed from morality, can also lead to disaster. Look at how Phrenology (a seriously held science of the time) lead to Eugenics. I think that there are things more important to the continuation of a society than a scientific understanding of the world. Religion helps some people define their morality, and gives them a center in which to build around. It also provides a social circles and a clan to provide support to it's members and others (in the form of charity). It's a crutch, but a largely useful one not just for singular individuals, but for society as a whole. It provides a motive for so many acts of kindness that you would never find in a world run by empiricists.",,
s004,strawman,t3_335imf,superkamiokande,"This is actually worse. Thousands of generations of humans are being punished (many of them eternally!) for something they didn't actually do (that Adam and Eve did). It's hard to maintain that God is even just, let alone merciful or compassionate, if he's sending people to hell as punishment for a thing they didn't even do.",,"Are you saying you are perfect and you don't sin? Because the consequences of sin is death(going to hell). While you may not have eaten the fruit, you and everyone else has still sinned, and we are all going to hell if not for God sending Jesus to take away the sin. Everyone sins. Its just that Adam and Eve were the first sinners. Don't pretend that you're completely innocent and that you deserve to go to heaven. Everyone, including you and I, have sinned, and thus hell is where must go, seperated from God eternally.",,
s005,strawman,t3_1k2m9c,Whytesmoke,"Regarding your first point: I despise the idea of altruism, mainly because there is no such thing. Every good act every person does is motivated by some form of personal gain, whether external, like wealth, power, or social status (the same things conferred by positive privilege) or internal (that warm, fuzzy feeling I'm told people have). As for the second, those are all excellent points. However, under the standard of pragmatism, it is useless to contemplate the what-ifs of not being born a white cis male. Because this is what I am, it would be most pragmatic to continue to reap the benefits of privilege. That's not to say that I favor negative discrimination and bigotry; I don't. I just think that positive discrimination is a tool to be used. And were I to design society assuming I don't know how I would be born, I'd favor the majority enough to make it worthwhile, but not enough that others are severely disadvantaged. This way, the statistics are on my side.",,"Wait, this is important. Are you saying that you don't ever experience any sort of warm fuzzy feeling from doing something nice for somebody? If that's the case, then I don't think we'll be able to convince you of anything.",,
s006,strawman,t3_1u8yzo,honest_john5,"Sure. I'm interested in how you got this impression, as I didn't mean to imply it. But it does bring up an interesting aside: technically, some people will always act the traditional role, and that's okay. Just as a woman shouldn't shame another woman for choosing to remain at home, the approach *should be* to expand and not to shut out. Are masculine traits viewed positively? Male behavior is strongly policed, not always in a positive light. Men are often shamed for traditional masculine behavior. There's nothing inherently wrong with questioning and exploring femininity. But there's an issue in looking at restrictive masculinity, seeing how much boys and men are confined by it, and saying ""this is an issue which affects women"" -- thereby alienating the men who are affected by it first-hand. I'm not arguing that we should stop talking about the feminine. But I am arguing that we can't keep shutting down discussions of the male experience -- largely because [privilege only allows discussion of the traditional](http://www.reddit.com/r/changemyview/comments/1jt1u5/cmv_i_think_that_mens_rights_issues_are_the/cbi2m7a). PS - not advocating for men's rights with that link (I'm not an MRA); but it has some good points.",,"Are you saying ""sure"" because you don't care or because you accept that? I think it's very important to distinguish between masculinity and men. Here is the quote you had I think I felt that this too was the wrong question because to me it should be ""what can we do to help young boys feel more comfortable about not conforming to traditional masculine standards."" The difference in wording was important to me and that saying ""don't measure up to traditional 'masculine' standards"" contributes to the problem. By society at large? Oh yes. I think masculine traits are subconsciously seen as better by the majority of people. However, there has been a strong push to question the assumption that the traits are good which is where I think the policing comes from. I'm curious what traditional behaviors you think are shamed. I think many toxic traditional behaviors are shamed and I think with good reason. I think my hesitation here is that while I agree that mens issues need to be looked at more, in fact my identity as a feminist is tied to that belief, I think too many people misidentify the actual problems. My disagreements with how you worded things are examples of times where I am thinking ""yes, but no, but yes."" At the same time, I think there is a lack of people who came from that perspective of man who doesn't conform to male gender roles who *also* can correctly identify the source of problems. Basically I think there needs to be more people like *cough* me who have that perspective and can relate but also understands the actual issues and can explain them (yeah, sometimes I'm really full of myself). The link you provided does a good job of outlining why I don't look at the MRA with as much hate and anger as many feminists because I've felt lost like that too and believe that if my life had been a little different I could easily be right there with them.",,
s007,strawman,t3_292154,bgaesop,"Speeding predictably causes harm, so one has an obligation to go at a safe speed, regardless of the law. Being ignorant predictably makes you worse at things, so one has a moral obligation to try not to be ignorant. Sometimes people fuck up, and that sucks, but one should try not to. Why not? What's the difference? Are you saying there might be a situation where the ethically good option is not the best option available, or are you saying there are situations where there is no ethically good option, so you have to go with the best one available? The latter makes sense to me. I think the only difference between our positions there, if you do in fact mean the latter, is that I don't think it makes a ton of sense to have an arbitrary cutoff between ""ethically good"" and ""not"" so much as ""this option is the best one I can find, so I'll do that"". Think on the margin, in relative terms, not in absolute. Don't let the perfect be the enemy of the good and all that.",,"Yes, precisely this. I also don't really think it's that important of a distinction. It won't change my behavior in any case. The difference could very well be entirely semantic. However, while sometimes the ends justify the means, I think that is the only situation where lying can have a positive outcome. That is to say, deceiving someone is always regrettable, but sometimes necessary.",,
s008,strawman,t3_1rqcx7,hzane,Please pardon my bluntness but I sincerely find this to be rambling nonsense. Decriminalizing drugs will create a spike in people being drugged and used as sex slaves??? What? So you are saying having this black market is a good thing because it creates an alternative economic opportunity to kidnapping?? That's absurd and no basis in reality at all.,,"No one ever said this or implied this in this thread, what the hell are you talking about? Nope no one is saying that either, I'm saying making drugs legal isn't going to decrease the amount of criminals we have as they will move on to other crimes. the Legality of drugs plays no part in the motivation for one to become a criminal. That is education, up bringing, socioeconomic status, etc etc if you wish to bring down crime THOSE are the things you need to focus on I'm not saying drugs HAVE to stay to keep people from doing other crimes, I'm saying don't legalize drugs just because you think crime will go down, if you are doing it do it for other reasons because crime will not decrease simply because drugs are legal now, in fact you will likely get a spike at first due to the huge influx of the now unemployed drug dealers. Critical thinking my friend",,
s009,strawman,t3_1hj6bs,anhero23,"I look at it as an intelligence issue. Is the animal rather intelligent? Don't eat it. Stick to fish and chicken... maybe cow. Yes, this also means no pig. Not that I'm about to force my views on anyone but that's just how I feel.",,"Are you saying chickens aren't intelligent? By what do you base intelligence? By human standards? If you judge a fish on his ability to climb a tree, he will go his whole life believing he is stupid. All animals have their own adaptive traits that allow them to survive on their own in their environment. It's humans who have just taken advantage of them. http://www.youtube.com/watch?v=es6U00LMmC4",,
s010,strawman,t3_2544cj,8arberousse,"ah yes, the famed time travellers who weight everything in stones and precisely measure the thickness of gold atoms down a 64th of the length of some dead guy's thumb... if only the imperial system was more widely adopted, socialism would be a thing of the past and there'd be more of these travellers roaming about.",,"Oh, so you're saying it doesn't matter if the standard has changed a few times before landing where it is now?",,
s011,strawman,t3_3i7zju,askingdumbquestion,"Here's why it's an issue. We have this a thing. Your people don't have this a thing. We try to make money off this a thing, but nobody is willing to listen. Then you come along, kill some of us, rape some of us, and take our a thing. You take our a thing and you make money off of it. Lots of money. Money that should have gone to us to feed our families and clothe our children. You're not stereotyping us. You've taken our a thing and removed as much evidence as you could of us. There is no melting pot, we don't get anything except hurt. And there is no awareness, no one cares any more or less about who you had to hurt to get our a thing. Is this scenario realistic? Consider the damn near entire scope of American culture. In American culture, the 'a thing' came from black, brown and Native people. White people have never made an original contribution to American culture, yet always have the means and the money. Because appropriation.",,"So what you're saying is that either white people make money off of *thing* or nobody makes money off of *thing*? Why, then, should white people refrain from making money off of *thing*? It's not costing you anything, you're just annoyed at it.",,
s012,strawman,t3_3dhde9,ReallyNotMeReallyNot,"I have literally never said you shouldn't be upset with hate subs, just used it as an example of one thing that people *took* as an affront. My main point is not even about hate subs. You are obviously very vested in talking about them judging by your posts here and your modding duties.",,"What? You just said: Then you followed up with: So you're saying we should not be upset with ""etc etc"". What is ""etc etc""? You go on to ask why we complain about racism/sexism when it would be easier to go to a different site. If you are not saying ""we shouldn't be upset with racism, etc."", then you're doing a very poor job at illustrating your point. Irrelevant.",,
s013,strawman,t3_2rk7my,ghotier,"This is a real world situation. This isn't a real world situation. And that's where you are comparing the real world with a hypothetical one. We live in a world where people drive cars. The risk of dying while walking in a world without cars is an irrelevant comparison. Everything you can do has some level of risk associated with it. For driving to be ""insanely risky"" it would need to be riskier than the real world alternatives, which it isn't.",,"This isn't a real world situation. How? Just how? Are you saying you can't die without any car involved? Trying to make an analogy imagine this answer in a discussion on the question if having a gun is dangerous: This is a real world situation. This isn't a real world situation. And that's where you are comparing the real world with a hypothetical one. We live in a world where people *have guns*. The risk of dying while walking in a world without *guns* is an irrelevant comparison. Everything you can do has some level of risk associated with it. For *having a gun* to be ""insanely risky"" it would need to be riskier than the real world alternatives, which it isn't.",,
s014,strawman,t3_2w4etw,mermalerm,"I'm not quite sure what this has to do with Buzzfeed feminism, but thank you for sharing your story. I'm sorry your wife had to go through that!",,"Maybe I misunderstand. Are you saying Buzzfeed feminism cheapens the conversation with slogan, they're wrong, or there is no need for more efforts to equalize the sexes - or at least remove the vestiges of a male dominated workplace?",,
s015,strawman,t3_3ijgiq,Lukeling,A dying stereotype is still a stereotype. I'm not saying that at all; all people should interact with police in the same fashion. How the police respond to the same interaction by both whites and blacks is a different discussion.,,"Yes, but what does that have to do with what you are saying? You said a stereotype needs to be an accurate generalisation. I gave you an example where that is clearly false. So what are you saying then? It seems like what you're saying here contradicts your CMV",,
s016,strawman,t3_2cwals,DHCKris,"They're affordable and easy to use by the average person. Their plug-and-play nature appeals to the layperson who just wants a 500 dollar machine they don't have to build that will hook to a TV, have an intuitive GUI, and allow them to play all the latest games, watch Netflix, and have fun. A PC is only better if you actually know or care about PCs. Also, the developer support for PC games are generally shit these days. tl;dr there may be no reason for YOU to switch to consoles (unless you want console exclusive games like Last of Us), but that doesn't make consoles useless or unappealing for other consumers. This is like asking, ""why should I buy a Nissan when I can create my own cheap muscle car to do exactly what I want?"" Because not everyone has the expertise, patience, or desire to do that.",,"Never thought about it that way, so are you saying that PC is superior for me? PC would be superior if everyone had patience and experience?",,
s017,strawman,t3_335imf,britainfan234,"If there really was a heaven then this isn't neccesarily a bad thing to let happen. Sure God could fix all those things but half of them include the free-choice of man, something the bible preaches is important to god. If he were to stop them then he would be taking away man's free-choice, essentially making puppets out of them. The other half are part of life. Life will have challenges and suffering and it is not neccesarily bad for God to allow you to face them. Again he seeks not to make puppets out of you. So? He also created the entire population of the world. Death isn't even neccesarily bad. True I think this provides a bit of controversy in the teachings since God is infringing upon the evil mens rights to make choices but eh, after that 1 time God promised not to do it again. Wrong, he banished them from his presence because they disobeyed and betrayed him. They went on to live and have children. I actually find this statement quite ironic since you are phrasing this entire argument on the bad side of God. You are picking and choosing. If you want to blame God for all these then you must all contribute all the happiness and everything in the world to him. That alone would make him worth worshipping.",,"So you are saying if I'm responsible for not stopping all of the child rapists, but I am also responsible for all of the happy people finding pennies on the ground, I'm a net good person?",,
s018,strawman,t3_1u4fqn,CleanMyWounds53013,"Yes, and it still cuts down on the amount of money spent on trials. For those who cannot be proven, they could be subject to physical labor or freed. I don't know enough to have an opinion on the clear video evidence.",,"Hold up. You're saying that even those accused of a crime, but *cannot* be proven, should be subject to physical labor? Doesn't that sound a bit insane? This just dumbfounds me. You clearly thought you knew enough when you expressed an opinion in your first reply to me. Why the cop-out answer now?",,
s019,strawman,t3_2108o3,dyslexda,"No. A university is not responsible for *giving* you an education; it is only responsible for putting you in an environment so that you can *receive* one. Some educations are better than others, and sometimes your education heavily involves teaching yourself, as you mentioned. A single glance at Pitt's Wikipedia page tells me it's a major research school; spoiler, for schools like that, undergrads are nothing but a side show. They aren't scamming you at all, as this was information freely available before attending. It is the student's responsibility to choose a school based upon what type of education they want. Want access to big name researchers because you're going to grad school, or want a great party school with good sports, or want the option of taking a vast array of classes? Go to a big research school. Want a more personalized education with better instructors and smaller classes, at the cost of less flexibility and smaller course options? Go to a small teaching school. There are plenty of them out there.",,"If the university isn't giving me an education, where am I supposed to receive it from? Or are you saying that a University is like a gym, where I just pay for the membership and get access to the equipment (but no personal trainer)? Everything you are saying to me is just reenforcing my original post.. I don't give two f*cks if its a big research school or not. I am not getting what I paid for. If you pay me for a brand new BMW and you 'receive' a broken down honda civic, you would be pissed.. Then I tell you that on my web-page it says that I use most of the money from car sales to fund my racing exploits, and you should have known better.. It doesn't make any sense, you still paid for something you didn't get.",,
s020,strawman,t3_2d45vn,gmoney8869,"its not an individual thing, its part of the greater social structure. fact is that we live in a society where a racial hierarchy has been created in which people labeled ""white"" subjugated people labeled ""black"" (and others). black people need to fight against this hierarchy which has been imposed on them in order to achieve equal social status and dignity. hence ""black pride"", ""black"" politics, naacp, civil rights movement etc. ""whites"" are in the dominant position already, pro-white thinking can therefore only be a reinforcement of the hierarchy. thats why the appropriate position for ""whites"" is to deny race and create a common post racial identity. racism is a historical socio political system, not a personal opinion.",,"so what you're saying is that the majority white people should just drop their racial identity, but the minority races should not. i disagree.",,
s021,strawman,t3_29ex1p,QuixoticTendencies,"No, nothing solves the is/ought problem *period*. If you think something does, you are mistaken as a point of fact. So you say God has said ""You ought to do this"". So what? Do you think his opinions are any more objective than anyone else's? Because he's omniscient? So would you also say that, given sufficient study in music theory, I could tell you what qualifies as objectively good music? Of course not. **There is no process of transmutation a matter of opinion may undergo to become a matter of fact. Omniscience is not enough. Omnipotence is not enough. That which is a matter of opinion stays a matter of opinion whether the opinion is voiced by God or by me.** No, I am not. I weighed the matter, and found that, on balance, 100,000 doses of unspecified antimalarial drugs is not a practical gain worth considering torturing and killing someone for. You didn't say ""cures"", remember. How many doses would one expect to give any given sufferer? How many doses would it take to prevent enough suffering to cancel out the suffering of one person's torture? How many doses will be wasted? The mortality rate of the more fatal forms of malaria is around one-fifth. So if you had an actual, failsafe, one-dose *cure* which you knew was going to be administered to the right sufferers, you might be justified killing one person to get ten doses. Add torture, and you're probably looking at around 100-200 doses. Generic meds akin to the ones in widespread deployment? Give me a few million doses, and that's if I don't stop to evaluate what other ways there are to get a few million doses of antimalarials that don't involve torture and murder.",,"I can most definitely solve the is/ought problem to my satisfaction; and so can you! We all actually have to do that in order to say what anything ""ought"" to be. If that weren't the case, every single instance in which someone said that something ought to be a certain way would be categorically wrong and both the word and concept would be useless. That's why we accept or reject premises that allow us to determine what we ought to do. For example: For a car to work, it must have gasoline in its tank. That is an ""is"" statement that describes an objective truth. If I want the car to work, then I ought to put gasoline in it. Based on premises I accept (the original ""is"" statement and my valid desire for the car to work), I can say what ought to happen. You might disagree that I ought to put gasoline in the car, but to do so you have to object to one of my premises: you have to either not want the car to work or you have to believe it runs on something else. Apply this to God and morality. I accept the premise that God created the universe and possesses authority over it; to include the determination of what we *ought* to do. So if I want to do what is morally right; then I *ought* to do as God commands (because God determines what ""right"" is). Because of the premise I accept, the is/ought problem is solved to my satisfaction. You might disagree and try to dissuade me, but your objection is at the level of accepted premises, not the is/ought problem. Your argument isn't very productive because all you're really doing is saying that we are incapable of knowing objective truth. The problem with that is that it's in no way falsifiable; you can't produce any evidence confirming that I *don't* know something is objectively real. It may be entirely possible to know an objective truth, but the way we distinguish between objective and subjective makes it impossible to confirm this beyond a shadow of a doubt. In practical terms, you tacitly accept objective reality every day. Someone tells you that to get to their house by turning left on Oak Street, you don't turn on Elm because you assume their perspective is inherently different from yours. I believe that God created and defines the universe, to include what is right and wrong. You might object and say that you believe something else is right or you might speculate that God lacks the requisite authority, but that isn't very compelling to me. You don't have any alternative with any more justification or authority; if I retain a belief in the existence of God you would have to produce another, greater God or force that you have less proof of than I do for God. Offer something else if you have it, but it seems your argument really boils down to ""*but it might not be like you think*"". This is some pretty tortured math, and it illustrates what I'm talking about. First off, why are you even caring about the torture? If a person is going to die anyway, their pain has no effect on their utility. If utility is meant to be a singular moral objective, we would have to recognize that empathy is vestigial and has no place in a utilitarian evaluation. It actually impedes our ability to apply utilitarian pragmatism. Second, how does this math make any sense at all: Okay, so what you're saying is that you can justify killing a person if it's statistically likely that you'll save two others. What about the margin of error that may mean you save nobody or ten people? If you end up failing to save anyone, was the murder wrong or was your intent important? And why does torture (which has no effect on utility whatsoever) magically multiply the required doses 10-20 times? From my perspective, that seems like a problem you have with torture (that I fully support) that's ancillary to utilitarianism. These are the problems I was talking about. Maybe you have an explanation I'm unfamiliar with, but it seems like you're going through some pretty extensive mental gymnastics when the problem should be very simple. If maximization of utility is the what you want, the torture *ought* to be irrelevant because it has no effect on utility. It ought to be a very simple input-to-output statistical evaluation of maximized utility. If anything, it would've made more sense for you to say that it depended on the value of the potential victim and the plausibility of using the drugs to help productive people.",,
s022,strawman,t3_35mgfp,textrovert,"Where did I imply that? The point is that there is no ""correct"" dialect in descriptivism: all dialects together = English, and Standard English is just another dialect of English that doesn't have any privileged status over AAVE or Liverpool English. It's prescriptivists that would define Standard English as the ""correct"" (nucleic) version, and the other dialects as ""incorrect"" aberrations from that standard. A descriptivist would say that an AAVE construction could be ungrammatical in Liverpool English, and a Liverpool construction could be ungrammatical in AAVE, but it wouldn't make sense to call either one of them ""incorrect English."" Only a sentence that no speaking community would easily understand (like your example) can be called incorrect in any meaningful way in descriptivism. I think you were misunderstanding what descriptivists mean when they object to calling constructions ""incorrect"" - the point is that as long as a construction is sensical to a speaking community it is not incorrect, not that nonsense sentences are just valid as sensical ones.",,"Ah, I see where I've misunderstood you. When you said I read that as ""relative to a particular dialect, which is the standard against which all other dialects are measured."" But I see now that you're saying that something is only ungrammatical when compared to another dialect, not that one dialect is grammatical, and all others aren't. So, kicking a ball is a valid move in a game of football, but in a game of hockey it's against the rules; it's not an objectively wrong move, it just doesn't allow a game that could be described as ""hockey"" to be played. ""Shops went he the to"", then, is also not ""incorrect"" in the prescriptivist sense, it just doesn't parse into any English dialect. We can't use it to play the game; it doesn't communicate anything to anyone. But there could conceivably be a game where you can kick a hockey ball. Have I understood you this time?",,
s023,strawman,t3_2vrkd8,badbrownie,"Fair point. I don't think anyone should suggest that false rape accusations are as cumulatively harmful as actual rape. Not in the same order of magnitude or the order of magnitude below that probably. However, it feels to me like there are enough cases of it that attention is deserved on whether accusers are trusted too quickly and completely. While my view has been changed regarding the justice system being an adequate resource for that, I still believe that there is very much a guilty until proven innocent mindset in the court of public opinion. In the old days they'd say ""mud sticks"". This particular mud has gotten a lot stickier as the attention to this crime has (appropriately) risen.",,"Elsewhere on this thread you said the discussion has nothing to do with actual rape, but here you are saying that false rape accusations are serious enough that we should let them affect the way we listen to rape victims, so yes, this clearly does have to do with actual rape.",,
s024,strawman,t3_217z08,Mourning_woods,I never said anything of the sort. I was saying I provided a valuable contribution to my company that OP mau miss if he excludes women.,,"Being a woman has nothing to do with your contributions, so no, excluding women doesn't mean he'll be missing out on any specific contribution. He could find a man who is equally as qualified. Look, either you're saying that you're providing something only a woman can which is why he's missing out by not hiring women, which is sexist and wrong or you're saying that by not hiring women he's missing out on hiring *you* specifically, in which case, you weren't applying anyway... and he could find someone else as qualified regardless.",,
s025,strawman,t3_2iht9m,Siiimo,But the only reason they're experiencing such cut and dry failure is because of the show. Best case scenario you're deriving pleasure from watching people get destroyed to the point where they take their own lives.,,"At least in the case of kitchen nightmares I disagree completely. A restaurant is on the show because it is already failing. The owner who committed suicide would most likely have done that anyways regardless of the interference of the show. If you look further into it, I'm sure the owner was most likely experiencing depression and other issues which likely stemmed from the failing restaurant. And you're saying that a show meant to help the restaurant succeed is morally culpable in his suicide? I just don't buy it",,
