pair_id,type_candidate,conversation_id,speaker_A,claim_A,challenge,claim_B,label,notes
m101,motte_bailey,t3_1qazk6,DemonicBtch,"That's the thing... they probably don't, like you said. White people typically are not judged positively or negatively exclusively because of their race. We are the default. People see white skin and immediately start looking at other things, like clothing, to form opinions. That is why we are privileged in terms of our race. However, for a POC, their skin color *does* tend to affect someone's opinion of their character. I won't go into listing the offensive stereotypes, but I think most of us are aware of them. As for sources, [here](http://www.chicagobooth.edu/capideas/spring03/racialbias.html) is a study that showed racial bias in hiring based on ethnic-sounding names. Despite numerous scholarships available for minority students (which, btw, is intended to help level the playing field because of racial disparities in income status): even after controlling for family income. The probability of enrolling in a highly selective college is five times greater for white students than black students. Even after controlling for income, white students are two to three times as likely as black students to gain admission to highly selective colleges. These racial disparities appear to have grown in the last 30 years. Because the racial disparity in selective college admissions persists even after controlling for income, income-based admissions practices will not eliminate the racial disparities](http://cepa.stanford.edu/sites/default/files/race%20income%20%26%20selective%20college%20enrollment%20august%203%202012.pdf) Going back to the income disparities, [the median income for white families in 2009 was 62k, compared to 38k for black families, 75k for Asian/PI families, and 39k for Hispanic families](http://www.census.gov/compendia/statab/2012/tables/12s0697.pdf). Edit: It's actually both. Since black people are more likely to be born into poor economic conditions, they are also more likely to fall into the ""gangbanger"" (*cough*) lifestyle. You're splitting hairs by trying to separate the two. Edit 2: Again, you're splitting hairs. Race issues *are* cultural issues because they're caused by *cultural perceptions* of POC. I feel like you're looking for some scientific study that proves that white people are inherently better than POC... which really is something you should be looking for from racists, not people who oppose racial discrimination.","Commenting on your edit, are you sure that it's both? Would a white person born into the inner city growing up with a gangbanger lifestyle be given better opportunities solely because they are white?","I don't honestly know. I would guess that black and Hispanic/Latino people would have fewer opportunities to get out of that situation, given the statistics on gang membership, poverty, and race. I'm not saying that race, poverty, and culture are the same issue. I *am* saying that they have a close enough correlation to all be taken into account when addressing the issue.",,
m102,motte_bailey,t3_2k6r90,whitepalms85,"A humble culture is not the same as being bad at something. E.g. I'm Swiss and the culture here is a lot about being outstanding and humble about it all the same time. E.g. Roger Federer is extremely popular because his extremely successful but very down to earth at the same time (e.g. quite a few of my friends that used to live in the same area as he did, met him in the supermarket doing groceries)","i didn't say being humble was a bad thing, i thought this sounded like a good thing. a culture of being humble and achievements being celebrated as community achievements, not individual ones sounds like a good thing to me. however, /u/oldie101 explained the negative aspects of it to me and i gave him a delta.","I don't know, I think it's a good thing overall, but it can also be negative. Being humble next to people that act really bold can make you look weak (e.g. a lot of Swiss people tend to struggle when they have to work with Americans or Germans because the Swiss would say something like 'I think I might be kind of good at this', whereas an American would say 'I know I'm the best'). Also, I don't think it's wrong if people enjoy themselves if they have worked hard for something. The Swiss ideal is basically that you should have 100 million on your bank account but still go to work using public transport with your 15 year old sweater. But what's the point in dying with 100 million on your bank account? Have some fun. And I feel like some people that were successful but not very humble received a lot of hatred here which was a bit unfair.",,
m103,motte_bailey,t3_1j012y,CMVThrowawayyy,"Yeah, I think if anyone walks into a dark area, they are increasing the likelyhood of a crime to happen against them (rape, mugging, etc).","Not to nitpick, but increasing likelihood and increasing risk are two different things. Risk says a percentage of risk is already there even when nothing ever happens. Likelihood refers to the fact that it will happen and talks about percentage of chance from the top. One's bottom up and the other is top down.",Ah. Well that's what I meant to say. Risk.,,
m104,motte_bailey,t3_304nx9,EnkelZ,"Well, except for all those people living in abject poverty and dying in droves of simple diseases.... those people were randomly born into those conditions for a higher reason of some sort? Or are they not part of the corporate body of humanity?","It really depends on how you look at God and look at love. I take a stance called an Irenaen theodicy, which basically says that suffering is not evil, and that for good to exist, suffering must also exist. In addition, those who are living in abject poverty and dying in droves are the responsibility of corporate humanity.","Honestly, after almost two decades of studying the bible, I've come to the conclusion that the Christian God is a psychological defense mechanism against the fact that the world is random. And, that the claim that this God is altruistic or pursues his intentions of 'good' for His flock cannot be reconciled with the reality that exists on the globe today. Therefor, I view the idea of the Christian God as (a) completely random - so no different than chance, (b) does not intend good for anyone any more than He intends bad, and (c) is a psychological survival adaptation that is strongly reinforced by culture. Also, I did not say that suffering was evil in my statement. But a benevolent god (patterned after a father figure) that has infinite love for each person does not align with a god that allows roughly 30% of the global population (his creation) to suffer in abject poverty with preventable diseases. Either there is no 'love of his creation' or he is impotent to do anything about it.",,
m105,motte_bailey,t3_1hc58i,four_toed_dragon,"In spite of the cries from some media sources that Obama is a socialist and that socialism is bad, I firmly believe the opposite is true. Obama is *definitely* not a socialist and that a little more socialism in the U.S. will help our country prosper. In addition to the socialized institutions we have now: police, fire department, public schools, postal service, etc. we should also have socialized health care, higher education, and utility services that everyone depends on like electricity, natural gas, and water. I have heard interviews that expanding the Medicaid program for more families to be eligible to 'buy in' would be much cheaper than the 'Obamacare' bill as it stands now. New York already had a similar program in place with Family Health Plus and Child Care Plus, but I think broadening the income eligibility would be a great solution, even if buyers had to pay the full premium. I had to pay the full premium as part of a child support order ($78/week) and would gladly pay that for myself or other members of my family. Some communities already have co-ops (publicly owned utilities) that are much more reasonable in price than private or corporate-owned utilities. I have yet to find someone in the service area of a co-op complain about their service. The city I live in sold their publicly-owned (municipal) water company to a private entity. No change in service, yet the cost of water and sewer service has literally tripled since the change. I think these are essential to public well-being and should not be monopolized by a for-profit corporation. The only compelling argument against this I have heard so far is that private corporations will spend more money on R&D and innovative technologies. I think advancements and new technology will still happen in the universities, grant-funded research, and so on. Not paying profit margins for these things would give people more liquid assets to spend elsewhere, which in turn would benefit privately owned companies in the long run, just in other places, and ultimately stimulate the economy into a boom. [**Edit**: I understand that this isn't *exactly* socialism... but it's a lot closer than what we have now.] [**Edit 2 - Clarification**: My idea of ""publicly-owned"" is more along the lines of a [Utility Cooperative](http://en.wikipedia.org/wiki/Utility_cooperative) where ""Each customer is a member and owner of the business with an equal say as every other member of the cooperative, unlike investor-owned utilities where the amount of say is governed by the number of shares held"". I am *not* necessarily advocating utilities be ""government-run""]","How do we pay for all this? Either taxes or debt. Taxes will eat away at productivity, and could possibly start a negative feed back-loop where a slower economy results in less taxes and then high rates are need to fund the programs and so on. Debt has its own problems, and you have to eventually make payments on it. We already are massively in debt, so how do we fund this? Where do we make the cuts if we aren't to raise taxes or increase the debt. Maybe the military, but that would cause a big contraction of the economy itself. That would have wide ranging geopolitical consequences, and many service members would be out a job or short on benefits.","Well, unlike the postal service which has private competitors, they would break-even for the most part. I'm not saying the utilities would be free to the public, just that the public would own the utility companies. You would still get a monthly bill based on usage, but the bill would cover expenses, not line the pockets of corporate execs. The money that *isnt* going to corporate execs (which would be a *lot* if you compare a private utility to a co-op, there is no doubt) would be spent in other market areas... which are taxed. In the long run the government would make more tax revenue, as well as local governments in the case of sales taxes. As far as expanding the Medicaid system (or implementing some other public option) it would cost way less than Obamacare as it stands now. How is that getting funded?",,
m106,motte_bailey,t3_2xl4rw,rkenned,"I believe you're operating under the assumption that all discrimination is always wrong. Government mandates that say handicap people always get to park in the best spots could be considered discrimination by dictionary definitions of the word, but I don't think anyone would argue that it is wrong. This is due to the fact that the hurdles that they have to overcome due to their handicap will usually outweigh the benefits of their nicer parking spots. Likewise, affirmative action is a handicap parking spot for classes of people that have disabilities in finding work due to the color of their skin.","No it isn't. Disabled parking spots aren't a ""sorry your legs don't work"" commiseration prize; they're given out because those with physical disabilities are the best qualified to have them. Hence why those with mental disabilities don't get them, and why employers hand the best parking spots to those with the worst physical disabilities.","You're correct. That's why they're given out. If your read what I wrote closely, I said that the reason why most people don't argue with them, or feel discriminated against because of them, is because the people with them clearly need them. There is never I thought of ""man I wish I was wheelchair bound so I could park in the nicer spots"". I didn't say anything about why handicap placards are awarded...only why people don't have a problem with them. Affirmative action tries to achieve the same thing, providing a small explicit advantage to try to make up for all the implicit disadvantages of being a member of a certain race, but it is more controversial because the disability isn't nearly as obvious.",,
m107,motte_bailey,t3_1qwdul,uniptf,"I've spent a long time reading this discussion, specifically your statements, and I think I've finally seen something... I think this may identify a big part of the problem you're having. You ""chase ugly girls, or college dropouts, or single mothers..."" But, you are: And yet, you also, it seems, may come across as desperate, because you're trying *so* hard to find ""that girl"". I think you are intimidating the women you're dating; and simultaneously emanating neediness, even if just subconsciously. I don't know that the answer is to changing the situation; but that's the overall picture I've developed from reading all this stuff. Also, no matter what people tell you in an effort to help, you seem to argue against it. If that's what you're doing while communicating to all these women you meet and talk to, that's a huge turn-off for people.","Thanks for your thought out response. Before I begin, I would like to point out that this is CMV and so I'm supposed to be arguing with people. Although, I thought I was mostly discussing things, unless you're referring to the poster who suggested that plastic surgery was necessary to get any woman. I doubt I'm intimidating anyone, but I'm probably emanating subconscious neediness. I just wish I knew how to get rid of it, because I'm not actually a needy person! In fact, when I do get to Point B I often find that the other person is too needy for me. You may have picked up on that. There really is no clear answer, which is why I was hoping to generate discussion by posting this. Is your suggestion to go after women whom would be less likely to be intimidated by me?","Technically, yes, you're right about that. It seems though, that you're here seeking advice to improve your situation, rather than just to discuss in an abstract debate a viewpoint or opinion about something; and that in response, people are offering you genuinely intended advice, rather than opposing viewpoints; to all of which you are responding with arguments. If you don't actually care, and this is all just an exercise in debate, ignore me altogether. I have to tell you, my advice is that the end result isn't worth all the anguish you're putting yourself through; and that since you have so much going on for you, you ought to just be enjoying yourself a whole lot more than it sounds like you are. I would recommend letting go of trying so hard to find ""the woman"", or *any* woman, and just start having fun. You make a lot of money, you do a lot of things you enjoy, you have culture and worldly experience, you're in great shape (which also implies that you're healthy)...just do lots of stuff you enjoy. Do all those hobbies and interests that make you so interesting, but do them just for your own personal fulfillment and enjoyment. I get the impression that there is some greater underlying issue, because hell, you describe yourself as having so much going on that you so greatly enjoy, that you should be too damn busy and having entirely too much fun to be all obsessive about the mysterious lady who is missing. It almost sounds like you're describing a person who, even when he finds the mysterious lady, will discover something else that's missing that is what's really keeping him from being truly happy. Or maybe that you're finding a bunch of potential ladies who are happy-making, but you keep finding some quality that's ""missing"". Having written and then read it, I think my advice is to get some counseling. I think there's more going on that is creating this situation for you, and that you don't recognize it. I don't mean that to sound negative, and I'm not saying that there's anything wrong with you, only that maybe you can find someone whose objective, highly trained, professional opinion that is geared towards helping you, you can objectively accept, either to change your view, or help you achieve what you're looking for.",,
m108,motte_bailey,t3_2130o9,WheelsOfCheese,"However, those places don't provide help to all of the people who need it, and can't. If everyone adopted this rule, then anyone turned away by a shelter is screwed. I acknowledge that some people might squander the help I give them (though I want more than anecdotal evidence as to 'most'), but the alternative is that these folks have no chance whatsoever. Donating to a shelter is good, obviously, but they can't help everyone.","Fair enough, but if you recognize that donating to a shelter is better than giving money to a pan handler, why not just do the former?","I said it was good, I didn't say better. Because, as I said, if everyone ignored those not in shelters, people would starve and die. I mean, the folks in shelters at least have that, folks on the street have nothing.",,
m109,motte_bailey,t3_18dj9h,cholodeamor,"Additionally, there is no way to talk about this without stepping on peoples toes, because it IS so mean. There is not a nice way to talk about the terrible bondage and torture that most farm animals live through before their short lives are snuffed out violently. Sorry, but I'd rather be a meanie than obfuscate the truth.","You missed my point. ""A plant that is being eaten can release a chemical that attracts predators to the animal that is eating it."" -cholodeamor Then, assuming that every time you eat meat you have to eat tortured meat, ""This is NOT AT ALL EVEN CLOSE to what a pig experiences in a farrowing crate"" cholodeamor Since you say the only way to eat meat is to eat a Farrowing crate pig. I will put it meanly : Your off base, way off base for assuming I think farrowing crates are okay. So, you can appeal to emotions all you want, but know that it flat out assumes I am okay with farrowing cages. Screw you for thinking that. 1) free range Plants scream in pain, release endorphin. Compare it to 2) Free range pigs scream in pain, release endorphin. Or 1) Factory farmed tortured carrorts compared to 2) factor farmed tortured pigs Edit for even more clarity: 1) you say plants release chemicals 2) then you say tortured pigs are not the same thing There is no way to get to 2) with out assuming everyone is okay with tortured pigs. This is messed up man, messed up.","Lets start this off with I think an important point: you were the first person to use the word torture here. I believe I may be wasting my time by continuing to respond here but we will continue. I thought at first you were saying that typical joke that red blooded meat eaters will make about what about the suffering of the grapes that you pluck from the vine, shouldn't we only eat grapes that have already fallen. But then you started to actually defend the position for real which is really laughable but also quite startling and I highly doubt you are going to make me budge an inch on this but I would love to see you try. I believe that it is quite evident, without any special training or education, to see that this is not a matter of the ""suffering of 2 beings that have the same senses"" because 1)plants do not have the necessary hardware to suffer and 2)the ""senses"" of plants is NOT AT ALL EVEN CLOSE to the senses of an animal. Now as for the first thing I will hand wave because I think by definition suffering requires something to be self-aware and the plants like any type of nervous system at all which is required for it. As for the senses of plants -- are you trying to tell me that a Venus Fly Trap's nyctinastic movement is the same as a cow recoiling from a hot brand? Lets continue. Now as I have already said, I have yet to bring up torture at this point, but then you say in response to my confusion ""I got it from this logic. You said 1) Plants do things when dieing ----Which is very true. 2) Pigs do things when tortured ----what? why do you say tortured? Do you think I am okay with torture? You must, because you think I am comparing carrots to tortured pigs......."" What are you talking about here? You seem pretty passionate, as I am, but it may be making it really hard to convey what you are trying to say. As it is now, I don't understand it. Not as an argument, but as an object of language. I never said ""you must think its okay to torture animals"" or ""you like torturing animals"". Then you ask to ""drop torture from our topic"", which you are the first to bring up and then have a problem with that it was introduced. Fine, that makes us both happy I think. ""we are all human beings, we are all against torture."" I know this has been using casual language but for the record, not all of us are against torture. Then, after you decided that we weren't going to talk about torture again, you bring up torture! ""How else can you explain how your side (pigs) is tortured but my side (carrots) is not tortured? I must be for torture, or both and or neither would be tortured."" Carrots do not suffer (which is the language I use and I imagine you are confusing with torture) because they are unable to torture. I claim this because they have no nervous system with which to sense as vertebrate does, and therefore can not experience the pain of suffering. Maybe you are referring to the psychic pain of being killed, even though there is no physical discomfort for a plant? I would then say that does not make sense because a plant is not self aware. I ask that if you would like to continue this point with me that we go on with the assumptions that this is true for plants. If you would like to argue that either 1)plants do have these capabilities or 2)you can suffer without having these capabilities then I believe we don't have any point in continuing. ""You missed my point."" I would say so. By miles. Right over my head. ""Then, assuming that every time you eat meat you have to eat tortured meat,"" I never said that, please don't straw man me here. I think there is a huge difference than eating meat from a CAFO and eating meat from an animal that lives a happy life and dies without pain and fear. I still don't think its right, but it is different. ""I will put it meanly : Your off base, way off base for assuming I think farrowing crates are okay. So, you can appeal to emotions all you want, but know that it flat out assumes I am okay with farrowing cages."" You have not made it clear to me at all that what I have said means that you are okay with farrowing crates. Can anyone else out there show me where I am going wrong, or where thenightisdark is going wrong here? Here is where it gets silly. ""1) free range Plants scream in pain, release endorphin. Compare it to 2) Free range pigs scream in pain, release endorphin."" If you don't understand that plants do not release endorphins, than I do not think you should be arguing about something as abstract as a plants capacity for sensing and suffering. Then you add this edit for ""clarity"". I don't think that word means what you think it means. ""1) you say plants release chemicals 2) then you say tortured pigs are not the same thing There is no way to get to 2) with out assuming everyone is okay with tortured pigs. This is messed up man, messed up."" Lets rephrase my arguments to what I do actually say, and then go from there. 1) I acknowledge that plants can release chemicals. 2) I state that the sensations of a plant, for lack of a better word, are completely different than that of a pigs -- by quality and by kind. We don't have to ""get to"" 2. They are both premises, they are not the working parts of the argument. There is no if-then statement here. I don't see how my belief that comparing plants and intelligent mammals capacities is ludicrious at all led you to believe I think ""everyone is okay with tortured pigs"" Finally, I feel pretty confidant that ""screw you"" probably doesn't have in place in reasonable adult conversation, internet or otherwise. If we aren't having a reasonable adult conversation, lets just not have one. Okay? Sorry if your feelings got hurt here.",,
m110,motte_bailey,t3_1mqfmi,SwimmingNaked,"Like the title says, I believe that low wage earners are far more important to the economy and society than people with a lot of money, especially since they will be spending all of that money whereas the rich person has the option to do absolutely nothing with a sizable percentage of it (including not investing it and sticking it in a safe somewhere). This is not a statement about the individuals in either regard, nor their ""value"" in general...just their part of economy and society and how important they should be considered in those specific regards. I'm not suggesting the poor get more money, nor the rich have less. I *would*, however, suggest that government policy decisions should be based on this concept rather than whether the rich person can help support a political campaign. However, we're all humans and I doubt that is likely to happen.","Austrian economics would agree with you (value is subjective, law of diminishing returns) as would keynesianism and marxism; while i'm not too sure on the chicago school, I would assume they would take a similar stance. Can you quote the person you were disagreeing with, as this sounds like a strawman to me.",I wasn't arguing with anyone...I didn't say I was.,,
m111,motte_bailey,t3_1lp8a5,spiffyzha,"Y'know, I used to think the way you think. I agree that it's not immediately obvious why it needs to automatically be racist when white people dress up like black people for the purpose of playing a role. But then, I only knew about blackface from reading about it. The thing that changed my view was seeing [a movie that portrayed actors wearing blackface](http://www.imdb.com/title/tt0034862/). By which I mean, it was a movie *about actors*, and some of the time they wore blackface to do shows. And holy fuck, that is some racist shit. I think my favorite (by which I mean ""cringiest"") scene went something like this: Female lead, in her dressing room preparing for the show: ""It's such a shame that I'll be wearing blackface tonight. I so wanted to be beautiful for the audience."" Male lead, comfortingly: ""Don't worry my dear, you've got the whole rest of your life to be captivatingly lovely."" Yes, the racism is primarily because of how it was handled rather than anything inherent about white people portraying black characters, but now it rightly has racist associations for everyone who's been paying attention. Furthermore, as long as racism is a real thing in the world, I think it's pretty hard for the ""privileged"" group to do the whole ""dress up as the unprivileged group for the purpose of acting!"" thing *without* bringing racism into the mix. There are a couple main reasons for this: 1. This isn't a bank job--actors *do* get chosen for roles in part because of how they look. Having people who look ""wrong"" for the part play the part anyway has the effect of disenfranchising black actors. A white person wearing blackface doesn't really look as authentic as a legit black person, but if your default is to hire a white person for the job anyway, you're contributing to a systemic lack of job prospects for black people. 2. If you mostly don't bother getting real black people to play your black characters, you're going to just end up entrenching racial stereotypes that may or may not be accurate. It becomes a circlejerk of cluelessness and white privilege, because you've excluded anyone with the experience to potentially have a dissenting opinion. Weirdly enough, point 2 *also* only became obvious to me upon watching that movie I linked above. The movie portrayed a bunch of (white) actors going around putting on shows, so when they showed one with a guy in blackface pretending to be a former slave, the racial stereotypes from the 1940's really popped out. So, let's say that now you come along wanting to use blackface in your movie because you couldn't find any black people for the part (though I imagine that you probably had *binders full of black people* to choose from). You don't think it's racist because you don't think you're racist--it's just that the best person for the job happened to be white. But guess what? Nobody cares whether you think you're racist. Blackface pretty much always ends up being bad for black people one way or another, and people are right to pick up on that. White people, as a group, have collectively lost their ""using blackface without social repercussions"" privileges, because we've shown that we can't be responsible with it. In a future society in which racism is no longer a thing, I expect that we'll all be able to go back to using blackface whenever we feel like it, because it won't automatically look like stinging mockery of an already disenfranchised group.","You make all excellent points. I suppose my only counter-argument is that I still feel like that when you remove the historical context, there is, as you said, nothing inherently wrong with blackface. I now feel like I was too easily dismissing the historical context behind blackface, but maybe one day it could be used as a valid practice but I can see how the stigma behind it is still too strong today just as a woman can play the role of a man or vise-versa. You have successfully changed my view. &#8710;","Yay! Thank you. On the topic of historical context though, I know it can be tempting to just ignore it all. I definitely am prone to doing it too, and I've not ever really heard anyone make a compelling argument for *not* ignoring it. So I'll attempt to generate such an argument myself, and I suppose you can tell me how well I've done. The thing about historical context is that it isn't always so far removed from the present. I can think of two problems that this presents. Firstly, since social customs are a constantly evolving thing, if it hasn't taken a very long time to get away from a problematic social custom or ideology, that also means that it won't take much to push us all back to those regressive ways. It's better if we try to push the world in a 'positive' direction instead. In relation to blackface, this means that if you're more interested in arguing that it isn't racist (ie, defending the privilege of the privileged class to do X without social ridicule) than on trying to get away from racism, you're focusing on the wrong thing. At its core, the problem is racism, not the social backlash to racism. The backlash will fade too once the racism itself is gone. (To be clear, I'm not saying that you personally are doing this. I'm just saying it as a general rule of thumb for you/other people to think about.) But also! When the historical context isn't very far removed from the present, that means that it's still likely to be a sore spot for a lot of people. There are lots of people still alive who remember a time when black people *literally* didn't have the same legal protections as white people. It all seems so foreign for someone my age who grew up in a place without significant racial tensions, but it's not foreign at all to a lot of people who I probably interact with all the time. To those people, blackface isn't just actors trying to do a good job of portraying their character; it's about a culture that sees you as a walking stereotype--and a negative one, at that--with no distinguishing characteristics of your own. And blackface is just one tool among many in their arsenal, but the people against whom it's directed will be very familiar with the variety of subtle racist things it allows to be introduced in an uncritical manner. That's the association it has for people, and they're not being irrationally oversensitive for having that reaction.",,
m112,motte_bailey,t3_3ijgiq,Lukeling,"That would be false awareness. A stereotype would not be a stereotype if it wasn't an accurate generalization. Stereotypes are also not inherently harmful, but the people who act purely on stereotypical assumptions of people could be dangerous. So that's a different discussion. Like guns; ""guns don't kill people, people kill people."" I might need some clarification here. At the expense of what, exactly? Pride?","This is clearly false: for a very long time (and still, today) people believed that black people had very large penises. This was studied and turned out to be false, but the stereotype persists. It's literally limiting the autonomy of one group. For example 'white people can deal with police in any of these ways, but black people must deal with police in this specific way'",A dying stereotype is still a stereotype. I'm not saying that at all; all people should interact with police in the same fashion. How the police respond to the same interaction by both whites and blacks is a different discussion.,,
m113,motte_bailey,t3_2mwhwa,PineappleSlices,"Fact of the matter is, our beliefs shape our actions, and honestly I'm finding the idea of him finding gay people disgusting and yet having no issue with his wife's gay friend pretty incongruous, especially when you said that he dislikes being around gay folks. If he's going out of his way to deliberately avoid someone who's never done anything wrong to him, that can be pretty rude or even potentially hurtful given the right circumstances, especially if that person likely has been having to deal with that type of behavior in people their entire life. Regardless, I think the moral thing to do in your situation would be to call him out on it when he brought it up. This doesn't need to be some kind of hostile thing. Just ask him, ""Hey, why is it that you feel that way?"" Or something like that. The first step to getting an otherwise decent person to change a bad attitude is to get them to seriously think about why they have it in the first place.","If you're not going to take my anecdote at face-value because of presuppositions you hold about social interaction, that's fine, but I'm not interested in arguing over it. People are perfectly capable of not only tolerating but being quite nice to other people they don't like, or who in some way bother them; this goes on all the time in modern society. In every society, probably. Ohhhh-kaaayy, it seems like you're having a serious problem with the idea that people can believe differently from you, and even differently in ways that you think are awful and still treat people will respect. And frankly, I think it's rude to think you're entitled to the company of other people; some people are not going to want to be around you regardless of whether its for something controversial like this or because you're too talkative for their taste, or too quiet, or have bad breath, or don't share the same hobbies, or don't share your political views, etc. (And I don't mean you specifically, I mean the global you). This is just a fact of life. I don't hang out with rude people - and someone's beliefs, whether I like them or not, don't constitute how 'rude' they are. I know why he feels that way. There's something called the Kinsey scale that measures where someone's sexuality falls; it's not black and white, and most people fall somewhere in the middle. I would venture to guess that he's probably all the way on the 'straight' end and is repulsed by the thought of that type of sexuality. We can't control what we're disgusted by. But what's a 'bad attitude'? I disagree with most of my friends on just about everything, and most of them are well-educated and haven't come to their beliefs arbitrarily. Obviously, in any group there will be some people who hold some foolish or uninformed beliefs, but even then I'm only concerned with it if their actions cause harm to others. And I simply don't hold to the idea that someone else's beliefs are, in and of themselves, harmful. I don't mind having discussions about things like this either, but I generally don't engage with my friends unless they bring something up. I've spent enough time in my life trying to change people's opinions with reason to know that it has no real power; people are going to think what they *want* to think.","Sure. But there are reasons for disliking someone that are more legitimate then others. A person could be meanspirited, petty, thoughtless, etc, etc, and that would be a perfectly legitimate reason to dislike them, though in certain circumstances you might indeed have to interact with the person in a polite context. However, disliking someone for their sexuality is both arbitrary and heartless, as it is something that doesn't affect you personal, and doesn't harm anyone. I'm not saying anything about being entitled to another person's company, just that your friend's specific attitude against gay people is dehumanizing and cruel. Traits such as being overly talkative or having personal hygiene are actively irritating to be around, and lacking common hobbies would likely result in a lack of anything to talk about, so in those cases it's reasonable to want to avoid those people. Being homosexual has nothing to do with those things though. A gay person isn't more or less likely to be personally irritating, smelly, and their taste in hobbies and politics are generally just as varied as anyone else's. The only difference here is their taste in a romantic partner. You seem to think I'm saying that people have a right to the company of anyone else regardless of circumstances, which isn't what I'm saying all. All I mean here is that having the attitude that another human being is inherently disgusting just because of their personal taste in romantic partners is itself fundamentally dehumanizing, arbitrary and cruel. All the Kinsey Scale discusses is what gender people are attracted to. It has nothing to do with feeling disgust for people opposite them on the spectrum. Straight people aren't inherently disgusted by gay people, and gay people aren't inherently disgusted by people of the opposite gender. This really says nothing about why your friend is homophobic, but generally people pick up such attitudes either by being raised an in environment with other homophobic attitudes, or by picking it up somewhere as they grow up. We absolutely, 100% can. It's called exposure therapy, and it works with anything that makes people uncomfortable or fearful, not just people who dislike homosexuals. By seriously considering why something disgusts you in the first place and by gradually exposing yourself to that thing in small steps, you eventually can lose your disgust for it. Of course, but they really ought to consider why they're thinking that in the first place. (This applies to all topics, not just homophobia.)",,
m114,motte_bailey,t3_1k12l4,Ohanian_is_a_tool,Is it ok that the mother can make the father's life harder? How does the rights of the child supersede the rights of the father? Why is it's life so special?,"The father isn't completely innocent, he had a part in making the child.","I'm not saying he isn't, I'm saying he should have an equal number of choices as the mother, that is all. Right now, A mother can take a morning after pill, abort, or give it up for adoption. Three choices and three separate chances to be absolved of her responsibilities. A man can only sit and hope he doesn't get fucked over, he has no agency. It's that lack of agency that I consider un just.",,
m115,motte_bailey,t3_3dltd8,iwasbeingfacetious,"It's definitely their way to make money, but it doesn't seem to be a case of ""the lists keep the lights on."" I think it's their main feature, what they're all about. They just slip in a news article here and there to appear to have credibility when they have none. But maybe I'm wrong. Maybe they do do all the lists just to subsidize their real pieces and hard journalism is what they're all about. Maybe I just am overloaded by all the lists and meaningless stuff that gets posted to facebook. But I'd doubt it. Go to their main page now. The top thing is a picture of one of the slain marines, and literally everything else is ""LOL 14 reasons dragon tales rox! WIN!"" It almost feels insulting to the story, that they chuck this piece in with that lot. Like which button do I press on that shooting story? The 'fail' one? Maybe a combo of 'WTF' and 'OMG!'? Definitely not the ""LOL"". It's just...crude. Edit: After reading through the bio's of the ceo/president/etc. it appears that BuzzFeed was initially created for the sole purpose of creating viral content. All the other heads seem to have expertise in advertisement, social media, and some baloney called 'virology.' So it appears that BuzzFeed's main goal is to just get something in front of as many faces as possible, and not on actual journalistic integrity/reporting the news. So the 'lists are just paying the bills' argument seems shaky at best. To your second point, I actually like that analogy. Closest anyones come to CMV but the thing that makes buzzfeed different is that it isn't spaced out and slotted like that. It's all a jumble and in your face so the one does affect the other. If we accept BuzzFeed as a credible news source, than all of a sudden all that junk on their front page seems like relevant, real news. And those who are not trained to determine whats a good source/what's native advertisement are going to fall in that confusing trap and will never actually learn that incredibly important skill if BuzzFeed becomes the mainstream.","Yeah, I wasn't too happy with my first point anyway. But Buzzfeed is slotted out. But I'll concede that just because a website sections something off, doesn't mean that it's sectioned off in the minds of the people who read it. If you go to the homepage, there's a menu bar at the top that gives the different sections (News, Life, Buzz, Quizzes, etc.) albeit, that's a little more like a newspaper than a news channel, but it's how you section things out when you're not programming time slots. And if you look at www.buzzfeed.com/news, the top stories are about honest, consequential news stories. As I'm writing this, there's a lot on the Chatanooga shooting, the US Presidential races & the trial of the Aurora shooter (really?! is that still happening? apparently, yes.) This is a judgment call on my part, but I'm confortably willing to say that the news isn't *actually* jumbled all together. Now as far as perception, I think that's a function of purpose. Ariana Huffington had to deal with Bill O'Reilly yelling at her about articles on her site. What she failed to tell him and he failed to grasp was that like Buzzfeed, HuffPo has a ton of different little sections with different purposes. If you're going to argue that Buzzfeed is one big place with no borders, then you also have to accept someone's argument when they say ""Reddit is just a bunch of neckbearded basement dwellers who try to argue for men's rights and fat people hate."" Yes, *a small but visible part* of reddit is like that, but not all of it & not the most important part.","∆ I checked out the news page and, while not 100% perfect, it actually seems better than CNN in terms of clickbait/native advertisement. Most seem like well structured/legitimate articles. I suppose if you are looking to BuzzFeed as a new source and stick to the '/news' section it's probably good. The editor in chief seems to have a lot of experience and has built a pretty large newsroom. It's definitely not separate in most people's minds (including mine), but I suppose that's just an ingrained bias in me from all the silly quizzes posted about on facebook. I can see your comparison with Reddit. It's a little different because Reddit isn't trying to pass itself of as a news site but as a content aggregator, but I'd be lying if I didn't say I get a good chunk of my news from here. Heck, sometimes if I'm lazy I don't even read articles and just get the news from random people on the internet in the comment section. And I suppose all the hard hitting, important news I find on reddit is sandwiched between cute cat photos, but I don't say it hurts journalism. I think people can keep the two separate even when it's all on the front page. I'd say I'm still not going over to BuzzFeed, and will still not hold it in much regard, but definitely view it in a different light now. Maybe after time I can come to see BuzzFeed news separately from the rest of the site. Thanks for giving me some good perspective!",,
m116,motte_bailey,t3_2pww37,Bargalarkh,"It is decidedly not a simple question; it's designed to bait me into saying something that can be misconstrued as racist. But I'll answer it regardless; in a world where the business did not rely on any government aid, then they would be well within their rights to refuse whoever they wished. As they do not, they can not. Does that settle it?",Well you at no point answered the yes or no question with yes or no (a huge pet peeve of mine) but Its clear from your paragraph you mean no.,"That's not what I said, and I'm not going to repeat myself because it was a poor question in the first place.",,
m117,motte_bailey,t3_2f0a4a,StarHeadedCrab,"The state may or may not know better than you, depending on the issue. If you're dependent on government welfare, you're not ""free"", so why not do the best you can with it?",Why would someone receiving social aid not be free? If they committed no crimes how could an individual lose their freedom?,"Their ability to make ends meet is directly tied to the state they live in. No government, no welfare. That's what I meant.",,
m118,motte_bailey,t3_2rnr30,Thriven,"I wont go into gun problems but rather define USA's basic laws and their impact on stopping situations like the one in Paris today. As a person living in a country with the right to bear arms, in my experience, when an incident like this occurs there aren't many armed civilians nearby to assist. Many large cities ban concealed firearms regardless of our liberty to own weapons. Most work places ban guns from being on the premise. Recently there was the [2011 Tucson Shooting](http://en.wikipedia.org/wiki/2011_Tucson_shooting). I lived right down the road from where it occurred and was involved with police and media due to the relationship of the shooter and the high school he attended. It was a wild minute as the shooter unloaded 33 rounds into the crowd. When he stopped to reload he was assaulted by a bystander with a chair. That was in the state of Arizona which is as far conservative and gun toting as it can get. I know many people who pack as if its the wild west. However, these people never seem to be armed at the time of need. The right to bear arms is simply gun ownership. In the event of civil war between the people and the government, the people are able to fight back. Where you are able to carry your gun is situational. [University of Texas Shooting](http://en.wikipedia.org/wiki/Charles_Whitman) was far more situational that would align with the OP's train of thought. A very long drawn out fire fight where police weren't equipped to deal with the gunmen. Citizens with hunting rifles fought back and kept the gunman pinned down as police entered the tower. This situation and a few others was the early starts of creating swat teams able to respond to armed gunman. France has gun laws allowing citizens to purchase hunting rifles with permits. In the event of something like that happening in the suburbs of France, citizens could respond. However, the situation is so unlikely to occur as shooters rarely take to a single place and shoot from in for such a long period of time. Most shootings happen in an instant and even armed citizens aren't aware of the situation as it is occurring. Police officers and hired guards are constantly in mental preparation of responding to such a situation and know they are expected to take deadly force when they see a lethal situation occurring. If I'm carry my gun all the time but I'm simply going to a super market to pick up groceries I will be reluctant to shoot till I've assessed what is occurring. Allowing concealed fire arms in a city like Paris to stop the threat of terrorists is a fruitless endeavor.",You seem to be saying in much of these cases the people were not prepared and trained in the way I envision it and in those which they kind of were it was beneficial. Also I'm not saying this would completely stop the threat of terrorists. I don't think we are in a disagreement.,"I don't know how you say we are in agreement :) I think your view is flawed completely. You can't stop terrorist attacks. They are a cowardly form of aggression. You can't take Karate classes to prevent from being blindly hit in the back of the head when walking down the street. This is what has caused tribes, world powers and countries to invade others and root out there enemy rather than lie and wait to be attacked. I'm very pro-gun ownership. I find people who have 50 of them excessive. I think a shotgun in the home or a handgun in the car in a place accessible to you in the event of a break in or attack is a good protection. You wont miss an intruder in your home with a wide spread of a shotgun. Most intruders will turn and run at the sound of the shotgun cocking. That is all you can protect personally with guns. Imagining yourself fending off a gunman in a crowded theater is ultimately a dream. If you carry a gun with an 8 to 9 round magazine you better be a damn good shot because crazed gunmen usually come with automatic weapons or weapons with extended magazines and it may not be there only weapon. If half the citizens carried in public places MP5's with 30 round clips you may be able stop a few random encounters over the years but then again you'd have citizens turning into militants.",,
m119,motte_bailey,t3_20iv9v,AgentCC,"I think that what we're seeing here is democracy when it's convenient. Ukraine decided to break apart from the Soviet Union, and that's fine; but if the Crimea doesn't want to be a part of the Ukraine and they win a referendum (2/3 majority) to become a part of Russia, I don't see anything wrong with that. To do otherwise, is extremely shortsighted in my view, because Ukraine is going to have a restive province on their hands with a powerful backer making a military crackdown/ occupation inevitable. Further down the road we may see something akin to an IRA develop. This blood will not only be on the hands of Ukrainians but the UN as well since they seek to deny them their democratic voice in the recent referendum. However, I do have one caveat in this case: I think that a simple majority would not be sufficient to give Crimea to Russia. It would have to be a 2/3 supermajority.","The point is that people can't have a clean and fair referendum when there's guns on the streets, and with a one sided media since they cut the Ukranian channels. Pro-Russia were accusing Kiev of wanting to ban Russian language, an unfortunate propaganda shot based on an unsuccessful attempt by some politicians to ban a law that was allowing the use of Russian language in regional administration documents. In fact, by cutting the Ukranian channels they finished doing much worst. Another point is that we may have a majority wanting to join Russia with the excuse of feeling threatened by the current government, however, so far there is no reasons for such feeling other than speculation and media manipulation. There was no attempt to take things through a legal and procedural path that could be recognized and supported by the international communities, but invasion of the Russian army that basically closed the doors to peaceful and democratic ways. There are democratic and peaceful ways that could bring Crimea to full independence or even annexation to Russia, but all this looks like Putin tantrum over Ukranians for losing his influence in Kiev, which is basically just making things more difficult and dangerous to the people of Crimea that after all he doesn't seem to care about since he's attracting war to the region.","I'm not saying the referendum needs to take place today. Which would be chaotic, but whenever the election season in the Ukraine is. It would have to be free from media bias, however, and I think the UN could play a part in making sure that the media lines are reestablished.",,
m120,motte_bailey,t3_1f3fkz,purpleyuan,"I strongly believe that STEM majors are more difficult in both subject matter and the sheer amount of work one has to do than non-STEM majors. The only evidence I really have is anecdotal; that is, I take classes in STEM and non-STEM subjects, and the non-STEM classes are definitely much easier not only in how much effort I have to put in, but also the amount of hours I have to put in to get the same grade. Those who do not believe STEM majors are more difficult than non-STEM majors: why do you believe what you believe?","Just found this subreddit, it's interesting. I'll take a stab sure. Ok, firstly you're saying that STEM majors are more difficult than non-STEM majors. You've seemed to define ""difficult"" by saying the amount of hours one puts in to complete coursework - and secondly the amount of effort involved to complete the coursework. Hours =/= Effort, so we'll say effort is a better thing to talk about for this. Yes it is more subjective than hours, but hours are just one quantifiable part of a much larger part, which is the effort itself. The adage, ""if you want to get something done quick, find a lazy person to do it, as they'll do it the fastest"" rings true to me here. Effort is not just the hours involved but it is the critical application of thought and logic (and many, many other factors) to overcome the challenge. For example: I could spend 3 hours trying to solve a maths problem by myself, unaware of the correct method and learning as I go - or I could could simply google the question - understand the method to solve it and use that knowledge to complete the question in 1 hour. In both cases, I've expended effort - just applied in different ways (brute force vs. more creative thinking) My point here is that not all effort - gives the same result. So we've talked about how effort is a strange and hard to define thing in relation to the ways people expend it towards solving problems. So lets talk about the way people solve problems. People have an individual natural inclination to solve a problem in a certain way. Some people are better than others at logical reasoning - and others are better at spacial reasoning. These are differences in information metabolism. i.e. - how you take in, process, and output information. Different majors are suited to different ways of inputing, processing and outputting information - so the people in these courses are obviously not on a level playing field from the get go. People will have advantages and disadvantages - and thats what I think you have - a natural disadvantage to processing information in a way that suits a STEM major. Perhaps if you were in an interior design course - you might flourish. Or if you did nursing - you might be great at it naturally - but you've chosen a STEM major and are now finding it difficult. You haven't spoken about other classmates - so I have no idea of their opinion of the perceived difficulty of the course - the amount of effort they expend etc etc. So you see I want you to understand that someone with a natural disadvantage to a STEM major - will end up exerting more effort on the course to get the average grade, simply because their mind isn't suited as well for the material. Like I said earlier - they might be using their time less optimally and processing the information in a way that expends more effort, than someone with a more natural ability for it - who moves efficiently through the material. This is just part one - I can't continue any more this eve - but I'd like to come back to this and expand with another point, which is more to do with STEM/non-STEM courses themselves, the american education system, it's culture (also western cultures feelings towards education) and the way western society places value on STEM majors and their worth) The argument above is just an expanded version of whats already been said - so forgive that - the real weight of the argument is not found at the personal level - but as part of the bigger picture.","Isn't this an assumption on your part? I never said I find my STEM major difficult. I'm a chemistry major, and I enjoy it a lot. On the other hand, if I were to take a physics class... now _that_ would be difficult for me, hahah... I can agree with your point. Luckily I seem to excel at both my chosen major and many liberal arts courses (excuse my hubris).",,
m121,motte_bailey,t3_36fllr,qkf,"As can be seen in [this image](http://mediaassets.naplesnews.com/photo/2014/05/20/0716_NCLO_Know1_4963231_ver1.0_640_480.JPG), in most places in the U.S. (and maybe elsewhere that right-on-red is allowed?), it is legal to turn right on red from the inmost lane, but if there is more than one right-only turn lane, all others are prohibited from turning right on red. I do not see why this is. If it is legal to turn right on red after checking for incoming traffic from your left in one lane, why would it not be in another? I don't think there is a significant likelihood of cars from more than one turn lane crashing into each other. I also don't think it likely that a vehicle turning right on red from the leftmost right turn lane would be more likely to collide with oncoming traffic. Surely he would check both lanes of traffic before turning, just as the inside lane would check the rightmost incoming traffic lane as well as whether there is anyone that might be changing lanes into his lane before the intersection. However, I imagine that someone somewhere had a reason for making this a law, so I am quite willing to change my view if given reasoning as to why turning right on red from anything but the inside lane is predominantly illegal. Edit: going to bed. I posted this on a whim and didn't think about the time required for a detailed discussion. Thanks for the comments. I'll respond more tomorrow. _____","Um... I have lived in MD, and VA and it is always legal to turn on red from any turning lane unless posted otherwise. In VA the only times it gets a sign making it illegal is if there isn't enough visibility or there are a history of accidents at the intersection.","Right. What I meant is where there are signs for specific lanes, they are usually unnecessary.",,
m122,motte_bailey,t3_30rmk0,DHCKris,It feels unjust that desirable things make more money? Isn't that just logical? Do you feel like society should value entertainment less? How do you conceive of a society in which people aren't as interested in seeking out fun and pleasurable experiences...? What do we do when we're not seeking medical attention or going to Mars? Sit on our couches and masturbate?,"Yes, if it was just the most beneficial things make most money. Yes, in terms of monetary worth. Strawman. I never said anything like that. Only that sportspersons are grossly overcompensated to their contribution","No, they're not. They're compensated exactly the amount they should be as result of society being entertained by them. You can't ask for them to be paid less; what you want is for people to care about them less, which means you're criticizing what people find entertaining. In other words, there is a direct correlation between demand and how much sportspersons are compensated. In order to decrease the latter, as you want, you must somehow decrease the former. Watching sports is fun. How do you make people demand fun less? So, therefore you DO believe people shouldn't be as interested in seeking out fun. Not a strawman. The only way society could value entertainment less is if they sought it out less. Or we adopt a different economic structure (communism) in which entertainment is commissioned by the government and under strict regulation and censorship. But in our current, capitalist society, things are valued at what people are willing to pay. And they're willing to pay because they are interested in it. And so, I ask again, how do you conceive of a society in which people aren't as interested in seeking out fun and pleasurable experiences?",,
m123,motte_bailey,t3_2r1qfw,sittinginabaralone,"Perhaps my phrasing makes it sound worse than it is. It's the feminine person's job, man or woman. Feminine meaning the traditional qualities of the woman. Housework being a traditional job for a woman. Does that make sense? Don't want to send the wrong message.","When I hear people say that housework are the traditional jobs of women, I think and wonder how long that has actually been the case. Like, for the first 20,000 years of human history we really didn't really have houses for women to maintain. Women were out in nature picking berries like all other humans. So right there, for the vast majority of human history, women did not have these ""traditional"" feminine roles. Now, listen, I'm not saying your wrong or anything. And maybe something becomes traditional in a short matter of time... But when the vast majority of your lady's cavewomen ancestors never had the so called traditional ""feminine"" jobs, I like like to think about history.","The point is, they weren't the ones out hunting and battling. Gathering, comparable to food shopping, is house work. 20,000 years ago isn't history. History began at the start of civilization. That's what you should look at for ""tradition"".",,
m124,motte_bailey,t3_1ucgh6,sousuke,"That's my point though, mass starvation will eventually lead to the deer population trimming down to a sustainable level. The changes in the ecosystem can certainly be disruptive in the short term, but over the long term, the ecosystem reaches an equilibrium state.","In the very long run, sure. But then, cataclysmic asteroid strikes are ok in the very long run. There's a lot of variables and I'm personally not gonna count on everything turning out just fine if I can help it","No not even in the very long run. By ""long run"" I mean as soon as the disruptive changes end. In your example, the ""long run"" would be after the mass starvation and the remaining deer population increase to a sustainable population. This wouldn't take more than 100 or so years. I'm not saying that we shouldn't try to minimize the disruptions we cause to animal ecosystems. I'm saying that it's a relatively weak argument for saving endangered species on the basis that they might be some ""key"" link in an ecosystem. I personally think that saving endangered species isn't particularly worthwhile for the reasons mentioned above and that its much more worthwhile to devote our efforts to minimizing our disruptions to the animal ecosystem as whole, rather than focusing on specific species.",,
m125,motte_bailey,t3_2y3ey0,yeah_buddy22,"Washington DC is not a state. Without it becoming a state, it would be unconstitutional for Washington DC to have full representation. If Washington DC becomes a state, residents are going to have to pay significantly more in taxes (as I understand it, this is one of the main reasons why residents of Puerto Rico oppose statehood). As to your points about Maryland, 1 and 2 cancel each other out because DC and Maryland are both very blue and 3 doesn't seem very likely as cities in states still have municipal governments.","I typically hate quote breakdowns, but here we go. The constitution can be amended, besides I am not saying DC should become a state. Puerto Rico is a territory, while DC is a district. People who live in territories are immune to federal income taxes, people who live in districts are not. You imply that all democrats want the same things. While they typically have similar views, they rarely agree on everything. For example: three of Maryland's past five governors have been republicans, none of DC's mayors have ever been republican. Also: None of Maryland's guvernors have been black, while all of DC's mayors have been black. Lots of agencies in Dc to things that happen at a state level elsewhere.","What would this amendment look like? Will it only include DC, or will people living in other US territories have federal representation? A similar amendment was proposed in the 70s and was well short of the support need to change the Constitution. With politics becoming seemingly hyper partisan relative to that time, and with DC being as blue as it is, I don't think they would come any closer if it was proposed again. Fair enough. At the state/local level, maybe, but if you look at federal election patterns, I don't really see a difference. DC has voted with the Democrats in every presidential election since the 23rd amendment passed (arguable the only technical representation at the federal level). Maryland has 7 of their 8 current congressional districts held by Democrats and both Senator seats have been held by Democrats for almost 30 years now. If you honestly think that a merged DC and Maryland wouldn't be guaranteed blue for the foreseeable future, I have a bridge in Brooklyn that I'd like to sell you. Can you list a few examples of this? Does Maryland not have agencies or departments to handle these things?",,
s101,strawman,t3_1qiccr,sampointoh,"Feminism seems to me to be about acquiring equal legal rights for women... In the West, where this is already a thing, why do we need feminism? I understand that women face prejudice, but so do guys, albeit in a different manner. If eliminating intangible prejudice, why not go the way of humanism, where you would be fighting for the rights of all? This is not to say that feminism should be looked down on, or no longer a thing. It definitely helped women in the West and similar success in the Middle East would be awesome. But I believe that the movement has achieved it's goal in the West. So why continue?",,"Feminism is NOT about acquiring legal rights for women... it's about what ""legal rights for women"" even means. Even if we lived in a perfectly egalitarian society, we would still require some sort of means to measure it and make sure that it really is egalitarian. That's feminism. What you're saying is like, ""well, we passed an amendment against slavery and the amount of slavery has gone down. Why don't we repeal the 13th amendment now? It's not really needed.""",,
s102,strawman,t3_2766rt,elliptibang,"There is a difference between suffering that is understandable as a good or necessary thing and suffering that appears to serve no purpose. The genuine possibility of the latter kind of suffering depends on the fact that it can't be understood as a valuable experience. In other words, God cannot make us understand why it is good for us to suffer ""unnecessarily"" without fundamentally changing the character of that suffering in the process. If there is any value in being forced to endure pain that serves no apparent purpose, then it is good that we cannot understand why that experience is a valuable one, because our inability to understand is a necessary condition for our having that experience in the first place.",,"So you're saying that if we understood the reason for the suffering then it wouldn't be true suffering? Somehow seeing a specific end to justify the means would make it more tolerable and therefore too easy? I disagree. Believers already accept that all suffering is justified so I don't think knowing the exact reason would make it any better. Also, I don't see how children starving to death in Africa can possibly have any significant impact on most people in the first world (unfortunately). A benevolent being who can literally do anything wouldn't choose such a shitty strategy and is not worthy of praise (whole point of this thread).",,
s103,strawman,t3_26zspu,BlackDeath3,"You seem to assume that the purpose of advertising is to win potential-but-hesitant consumers over with rational, well-thought arguments. Sometimes I'm thirsty for *something*, then I see a Coke advertisement, then I put the two together. I wasn't necessarily going to choose Coke before the commercial, but what the hell? I'm already a Coke fan, so it isn't exactly a hard sell. Maybe this makes me unintelligent, I don't know.",,"No, I don't think you're unintelligent. So you're saying that the ad just fills in the other piece of the puzzle? I don't know. I feel like prior experience of drinking Coke would be the dealmaker. I can't believe that someone would watch an advert, then decide to go out and buy one.",,
s104,strawman,t3_1jmadm,whiteraven4,"Using your example, I don't think you have the right to force the mother to breast feed. I think bodily autonomy is the most important right. No, that doesn't mean you can go and kill someone, but it means no one can force you to do something with your body that you don't want to. I don't have the right to physically kill a baby, but I have the right to not give it food. But that also doesn't mean I have the right to prevent it from getting food through some other means. Such as leaving a baby in a trash can vs leaving it in front of the police. Both allow me to have bodily autonomy, but one negatively hurts someone else while the other doesn't. If there is an option, the latter is always the morally correct option.",,"What you said was both morally reprehensible and... illegal. You're talking about bodily autonomy as if it was **THE** quality to defend. We're not beasts that should put our bodies' well-being or comfort in front of anything else. You have both the duty to feed a baby and you don't have the right to refuse it. If you see someone hurt in the street you have to stop and help. In my country, I believe it's one of the biggest criminal offences you can do behind the wheel. We're members of a society, and what you're saying is that we have no stake in it, no obligation that goes against our most basic instincts or needs. Ps. This went really off-topic!",,
s105,strawman,t3_1k12l4,Allahsus,"Obviously she has more control. It's her body. Not really sure why you wan't people to agree with you on this point. However, the implications of completing the pregnancy is eons and eons bigger for her. And the physical and emotional toll of not completing the pregnancy are also much bigger for her than they are for him. Nothing is black and white, and I'm honestly not sure why you are taking this approach to the discussion.",,So you're saying that being FORCED to pay for a children during 18 years has no emotional toll?,,
s106,strawman,t3_1x5gri,Discobiscuts,"You are implicitly making that argument. What you are saying is it's ethical to pay more if you make more, implying some people are ""worth"" more than others - in this case, you are saying the poor are more valuable than the rich. Secondly, why should I pay any benefits back into society if I don't want to? Why should you be able to use violence to coerce me into giving up 36% of my income ""just because you can afford it."" At the end of the day, some people provide more economic value to society. The reason Gates made 60 some odd billions of dollars is because he gave us the computer age. Steve Jobs made his fortune because he revolutionized products we desired. Warren Buffet is rich because he was able to take a small investment and turn massive profits. Peyton Manning is rich because people value guys who can throw footballs pretty well. Just because society (through the market) is alloting these people their values, does not mean their income should be stolen. Fun fact: for everyon 1% increase in the tax rate, there's a 2% decrease in the rate of charitable giving. Fun Fact 2: In 1950s Canada, everyone got free healthcare through private charity.",,"They're not ""worth more."" But by assumption they're reaping more wealth which they will use to purchase more benefits, of which they've reaped largely because of luck. Not in their operations of business and what not, but because the mind\ability to do such a thing is born. Ability is a prerequisite to success. Because you are reaping more benefits than the person who can't afford it. They would like to drive around in a new Mercedes, but they lack the capability to do such a thing. They're not being punished for producing, they're being taxed on reaping benefits at a level that is nearly unfounded in history. You are arguing they deserve enormous wealth. But the thing is, in both of our scenarios they're enormously wealthy.",,
s107,strawman,t3_1pet4o,KuulGryphun,"Firstly, I stated that I believe productivity would not drop proportionally with man-hours. See point 1 in the OP. Secondly, I said that the workweek change would happen gradually (over 10 years was my example), and that I would expect companies to make up the difference similarly gradually through normal raises that would have occurred anyway. Am I wrong to believe that most people gradually earn a higher income as they advance in their career?",,"Let's assume that the cut hours were only 90% as productive as the rest of the hours. That is still a large drop in overall productivity. You're saying that people will earn higher income as they move through their career through raises but that they will also lose money from the drop in hours which would even out. So if I'm making 50k this year, I'd have to expect to be making 50k 10 years from now as well? I'd be unhappy with that scenario.",,
s108,strawman,t3_26klj1,fingerlikeobject,"Here are the facts as I see them, unfortunately. If you happen to be born in a place or culture a where there is injustice against the group you belong to, chances are you will never escape. You will be treated like you are less than human, and there is nothing you can do about it. People won't hear your pleas for help precisely because the society you live in has ALLOWED the injustice into which you were born. Likewise, if you happen to be born into an abusive or toxic family, it's very likely that you will suffer psychological and personality disorders that will prevent you from ever being able to form healthy relationships. As a result, you will never know what it is like to be loved by a family. Additionally, you are more likely to be raped, assaulted or otherwise exploited by people who take advantage of the fact that you don't have a decent family to protect you. If you have children, the cycle is likely to continue with them. No one escapes. You may hear people around you say that they care about injustice, but you also hear them blame people that are in bad circumstances (e.g. the homeless, the very poor, depressed or suicidal people, ""ghetto culture"", victims of violence or sexual assualt, ""welfare bloodsuckers"", the mentally ill) for those circumstances. You try to convince the people around you that they are being unfair because they don't understand all the factors involved. But you realize after a while that there is absolutely no hope of doing this. People are incorrigible. They don't want to hear or see injustice, because they don't want it to be real. I don't know why. I have a few guesses. 1 maybe people walk around feeling ""slighted"" most of the time. Like, ""hey, I got effed over and I dealt with it, so don't ask for any sympathy from me."" Maybe many or most people are so immature in this way that they are completely ruled by ""mine!"" emotions, like three year olds. 2 maybe people are just generally stupid. 3 maybe people are just generally selfish and evil. I have no idea. But I know that people won't listen to you if you tell them you are suffering. So of course, you would never tell them that you have been raped, abused, are on welfare, are suicidal, etc. You can't ask for help. No escape for some people. Luck of the draw. I sort of hate this place. I'm begging you to CMV.",,"I'm not sure what you're saying. Are you saying that some people will have bad lives? If that's what you're saying then it's not a particularly interesting observation. If you're saying that some people are born in insurmountable circumstances that will inevitably prevent them from any definition of success, then I literally can't imagine a circumstance that couldn't be overcome, and no matter how slim statistically that may be, if they can be overcome than there is *some* hope.",,
s109,strawman,t3_2pi2xh,deathproof-ish,"I think for the most part there is a ton of negative activities and press surrounding Greek life (particularly Frats). Most around hazing and sexual harassment and even as far as systematic rape. Many argue Greek life can raise money for charities and they rack up volunteer hours. I personally believe this can be accomplished without the Greek system in place. Here is what I would need for my view to be changed: 1. Evidence that Greek life enhances the college experience and academic outlook for all students including those outside the greek system. 2. Evidence that would suggest the incidents reported by the media are either A) over blown or B) misrepresentation data. 3. And finally, and this really pertains more to the frats... but why are these so important to keep around? You can still make connections and job networks outside of a frat. The only people who care about the traditions of the frats are the members themselves and it really seems to not serve any exterior function. I would need extensive logic explaining how frats are more than just boys clubs that have been around for too long. _____",,"1. By your hazing argument, we shouldn't just ban greek organizations. We should ban hazing organizations. That includes acapella groups, comedy troupes, the Quidditch teams, marching band, and even, at my school, the student-led campus tour groups. [Even Princeton's Eating Clubs have been accused of rape.](http://www.businessinsider.com/princeton-eating-club-under-fire-for-allegedly-distributing-photo-of-sex-act-gets-vandalized-2014-11) None of these groups including frats officially haze. I'm not saying that hazing is okay, but I don't think a blanket ban on Greeks is a solution for hazing. 2. You may argue that these groups provide a function or service to the community, but I would say that utility is no greater than the community service and philanthropy provided by greeks. ""I personally believe this can be accomplished without the Greek system in place."" How so? Can you tell me specifically of another way that hundreds of otherwise disinterested or minimally motivated men and women will be pushed into philanthropy and service? Fyi, most greek organizations have required minimum service hours or philanthropic activities, not to mention that they know that doing good work improves their reputation. May not be the purest of intentions, but the results are the same. 2. You emphasize frats, and in doing so you are marginalizing large numbers of greek organizations that do not fall under your generalizations. For example most sororities do not systematically promote sexual harassment or rape. There also exist multicultural Greeks, which in addition to service and philanthropy are often dedicated to hosting leadership workshops, racial discussion seminars, cultural showcases, and scholarships for minority members of the community. I would consider all of these programs enhance the experience of the college community because they offer learning opportunities. 3. You seek evidence that Greek life enhances the experience for non-greeks. I would consider it unreasonable for that to be a criterion for whether a student organization should exist. Does the knitting club benefit others? Does the Association of Engineers enhance student life for all? Or are you saying that criterion should only be applied when weighing the potential harm of an organization versus the potential benefit. I must say the potential harm of a greek organization is very hard to measure, and I would be against a University banning a frat arbitrarily, without any evidence. Decisions must not be based on rumors, however bad the rumors may be (see: Rolling Stone article on the UVa rape, accused frat Pi Psi, accusations revealed to be false). 4. You asked for evidence that data is misrepresented or exaggerated. What data do you have? I'd like to see what numbers you're basing this opinion off of. Unless you can prove that a vast majority of Greeks clearly and unquestionably committed and/or supported abuse, eliminating the greek system is punishing all for the few. 6. Finally, in response to another post you made that campuses should disaffiliate with Greeks: having affiliation allows the University to regulate. Minimum GPA, number of sexual assault and academic workshops attended by a majority of the Greek org, rules to prevent hazing such as limiting pledging periods, etc. Also, Universities have punishing power over affiliated groups. They can suspend an org from expansion as punishment for misdoings, or forbid them from having any alcohol on their premises.",,
s110,strawman,t3_1hdc3k,Windyo,"I said that already in another comment. I do see how the top post could be interpreted that way though. I said that already too. Actually your whole post is a defense of feminism, and I already agree with you. This isn't the subject here.",,"See, I am not convinced you do agree with me. I think you think you agree with me, but things that you're posting indicate that you don't really understand. Otherwise you wouldn't say things like: Women need to be size 0 ? Men need to have six-packs and be ""real men"". Women need to be mothers ? Men have to be providers, and are looked down upon if they prefer being housedads, etc. Yes, we are far from gender equality, but no, women are not the only ones hurt by it. you're saying that feminism and 'total gender equality' are not the same. you give an analysis of gender roles and say that feminism isn't concerned about that. When actually, that is what feminism is concerned about.",,
s111,strawman,t3_1vhh7b,SocratesLives,"Please correct me if I am substantially wrong, but I believe the Chinese military is used to build roads and do other public works projects. (If this is wrong, please feel free to bury this post in downvotes and we'll just agree to pretend I didn't embarass myself through my own significant ignorance.) To some degree, we already do this in the US through the Army Corp of Engineers. But I feel we don't utilize this resource to it's full potential. I think the otherwise ""inactive"" members of the armed forces could be put to better use than simply working out and waiting to be sent to fight someone overseas. Let them ""work out"" by erecting wind and solar power stations, constructing homes for the homeless, building and maintaining roads, any number of useful things to justify their paycheck when they would otherwise be idle. One problem this solves is the expense of an entire separate government entity responsible for building and maintaining roads. I say we apply the principle of Reduce (overall expense), Recycle and Reuse (already available labor) to streamline this area of government operations for efficacy and efficiency. One problem this creates is unemployed government employees and private contractors who would be replaced by soldiers. Also, there are different skill sets, so soldier-builders would need experienced construction foremen to supervise. I do not mean to suggest that decisions about why or where to build roads should be under DOJ authority, so some manner of DOT will still exist and the military would ""loan"" out soldier labor for these projects. I almost posted this under /r/CrazyIdeas, but I think there could be many other problems with this suggestion I have failed to consider and I hope the insightful CMV community would have more constructive (lol) criticism to offer. Reddit... what's wrong with this idea? ***** EDIT: this post was inspired by the following from /r/CrazyIdeas: [The USA should invade the USA and win the hearts of it's citizens, build roads, schools and hospitals.](http://www.reddit.com/r/CrazyIdeas/comments/1vg43q/the_usa_should_invade_the_usa_and_win_the_hearts/)",,"To respond to your first paragraph, having soldiers work on construction projects is a distraction from the goal of them being trained and ready to fight. The more practice they get in war, the better they will be at it. It does not solve that problem. You can't guarantee that the military will be sufficient for this task. You'll just end up budgeting for roads as a subset of the military. I am also not saying that it is impossible at all, but it would require a huge legal overhaul. It's not easy to get the laws passed. Right now, not all roads are national or even state-managed. If you're saying that the national military should do this, that's the easiest battle won. However, that would only apply to national roads like interstates. I also don't even know how the national guard and state level work would even legally function. There would also have to be an entirely new authority system for working on local roads, though I suppose that is a bit easier. You could either incorporate them into the military (however, not all of them would want to be soldiers), retrain them, or put them on other construction jobs. It would probably cause some unemployment, though. Yes, and you could build out from the army corp of engineers. The whole process can't be instant and total, though. However, I think that it would be possible. That's a good idea. What about the state and local levels, though? Also, how would these transportation entities relate to the military? What would be the restrictions on corruption, etc.? Haha. The main problem with the idea is that it consolidates power in the military. If the population depends on the military for roads as well, then what happens when the military wants something and wants to use that as leverage? We already have an overly militaristic and decreasingly free society. Do we really want to take yet another step in the wrong direction in that regard?",,
s112,strawman,t3_2w5y1d,lifeonthegrid,"I agree that integration is important, but it doesn't need to be the end all be all of every thing the community does. You can also support integration AND a strong gay community. And frankly, if straight people are alienated by gay people wanting to spend time with other gay people, that's their issue.",,"So in essence, are you saying that it's a matter of integrating the straight community into the gay community by hosting events that showcase the common interests that the two parties hold? Maybe I'm too ahead of the times, but I thought society was past the case of ""Hey look, gay people like skiing too. They're not that much different from everyone else.""",,
s113,strawman,t3_2znn1r,commandocmv,"This is true, but some days, I do not even particularly want to try to live a cruelty-free life, because it doesn't add to the quality of my life. I do not think it is either of those things.",,"I'm not saying you need to live a cruelty free life, I'm saying that veganism is an easy and practical way to reduce the cruelty you may cause. If what you're saying is you don't want to be vegan because it doesn't add to you're quality of life than that's selfish.",,
s114,strawman,t3_1xj5t3,PasswordIsntHAMSTER,"Whether feminism is egalitarian is up for debate, but outside of discussion with feminists, I don't think I've heard a cogent, comprehensive criticism that *still acknowledged the good parts of feminism.* All I hear is ""feminism is wrong because *blah*"", and invariably what follows is some rhetoric that completely discounts the value of intersectionality/etc. as a tool to understand the world, as well as ignoring the real-world efforts and achievements of feminism both towards gender equality and towards keeping the movement sustainable and moderate.",,Are you saying that any criticism of feminism must also mention all of feminism's positive attributes? I was under the impression that criticism meant pointing out the flaws of something.,,
s115,strawman,t3_1eqzdv,[deleted],"if I may, I think that their reasoning is just as valid, only the original assumptions are different.",,"This is an absolutely baffling viewpoint. So you're saying I could pick any random set of ideals to have faith in (for example, I believe that Snorlax created the universe, and if I don't wear pink everyday, he will Body Slam me to death) and that set of ideals is **equally as valid** and **equally as applicable in the real world** as the assumption that 1+1=2? Also, I would venture to say that the religious have **extra** original assumptions. You would be hard-pressed to find anyone who didn't agree that 1+1=2 (at least for daily-life and not theoretical purposes), religious or not. So having faith in something that cannot be proven objectively in addition to having faith in your senses (which can generally be relied on in daily life) is extraneous and invalid.",,
s116,strawman,t3_1yj9yz,masterrod,Where should the money go when someones work creates $2 million dollars in profit?,,"Exactly. OP: What will happen with people that create more than $2M in value? What if I start a business that creates $200M of value? Are you saying I'm only allowed to get 1% of that amount? *Who gets the other 99% of that money?* In order to cap wages at $2M, you also need to come up with an explanation as to *who will get that money instead*, and why them.",,
s117,strawman,t3_1hhk6u,this_is_theone,Nobody's talking about taking an organ off someone whilst alive though. Are you saying you would let someone die just because you don't like the idea of one of your organs being removed once you are dead?,,"It is bad enough, when someone dies, the government loots their belongings and calls it inheritance tax. Now they want your body too! If you lived in a remote area and your neighbour died and he was on a slab in the garage would you go round to his place and steal a body part if you needed it? I hope not! What you are saying is you'd happily take that body if the local bully stole it for you. I wouldn't steal a body part from a used car that was going to be crushed, never mind a dead person's body - IT'S NOT YOURS TO TAKE. KEEP YOUR THIEVING HANDS TO YOURSELF.",,
s118,strawman,t3_1ghg9u,myatomsareyouratoms,"I read your /r/Islam thread. The only Islamic doctrine that was actually cited was that referring to specificity. This seems rather specific to me: ""I will cast terror into the hearts of those who disbelieve. Therefore strike off their heads and strike off every fingertip of them"" How is that 'open to interpretation'? It is plain as day, IMO. The Qu'ran/Mohammed, and Islam are inseparable. Islam translates as submission. Submission to what? I don't think it controversial to say that it refers to submission to the Qu'ran/Mohammed. You seem to be saying that it is submission purely to Allah. What do Muslims think the Qu'ran is? You guessed it! - the direct words of Allah.",,"http://www.answering-christianity.com/sami_zaatri/surah8_12.htm having read the Qu'ran though, I'm sure you were already familiar with this fact. Sure, he said to do that, for one battle that had religious reasons. It wasn't a be all end all kill all nonbelievers. In fact, the Qu'ran provides strict instructions to protect those who follow abrahamic religions. In fact, as someone else quoted, the Qu'ran says more generally This is true of all 3 abrahamic religions. You have no Christianity without Jesus and the New Testament. You have no Judaism without Abraham, Moses, etc. and the Old Testament. All three books, as another poster mentioned, state horrible, atrocious things, and all three require some kind of acceptance of the God as the only, inviolate, god (see first commandment: I am your god there is none else, you shall have no other gods before me, I led you out of the land of egypt to be your god"" in judaism. Yes, in fact, that is what I think, as do all of the Muslim's that I know and discuss religion with. Much as the New Testament is constructed from the teachings of Jesus, the embodiment of god, and a number of prophets, who like Mohammed, spoke the direct word of god. Or the old testament is the stories of what happened to the Ancient Jewish Prophets who often talked with God.",,
s119,strawman,t3_3injsb,Nepene,"Are you saying that you know non religious people who fear death and so get clinically depressed? How many depressed people do you know? No, and I'm not contesting the existence of higher thought, not that higher thought stops religion, but you were arguing that making death easier to handle was weak. If death is focused on less other things can be focused on more, that's a strength. The reason magical thought is widely seen as wrong is because it causes problems. If you rub crocodile teeth on bananas they won't actually grow faster. Requesting things of god doesn't really fit into that, or meditating on god. Making some sort of bargain with god or a spirit or gods or whatever, and religious often comment that you shouldn't pressure god into doing things for you. nsfw http://oglaf.com/leverage/ This is not appropriate behaviour to a god in most religions for example. You can expand the definition, but then I'm not going to see it as harmful, because they're not expecting the universe to behave differently because of their thoughts. I know you think of any sort of supernatural belief as magical thinking, but that's not the common definition and it includes things which aren't harmful so why should I care? Live and let live. Sure, Clarke's fourth law and all. What practical issues for religious people? Improbable Kings very rarely have complete control over their country, and no noble or duke is going to allow the king to build forts on their land without a compelling reason, like invasion from other countries. Also, is this supposed to be a good or a bad thing? If this isn't a common trait of religious people why single them out?",,"""Are you saying that you know non religious people who fear death and so get clinically depressed? How many depressed people do you know?"" I don't personally know anyone who has become clinically depressed over the fear of their own death, but the death of others. And those who become clinically depressed over the deaths of someone else. ""No, and I'm not contesting the existence of higher thought, not that higher thought stops religion, but you were arguing that making death easier to handle was weak. If death is focused on less other things can be focused on more, that's a strength."" The need itself in the first place, to make death easier to handle in order to simply make it through your daily life, that is where i see weakness. No that this is inherently good or bad. ""http://oglaf.com/leverage/ This is not appropriate behavior to a god in most religions for example"" While that is hilarious, i haven't found that to be true about most religious people. Most go on to believe many things i would call ""magical"". Psychics, palm readers, horoscopes, and astrology. Stuff like that. Although not necessarily the things i mentioned. These are things i would consider ""magical"". I guess i wouldn't go as far as to say that thinking this was, generally, is harmful either. ""What practical issues for religious people?"" If a religious person is under the belief of eternal salvation, not very much. ""Also, is this supposed to be a good or a bad thing?"" Just pointing out that the fear of death can lead people to do irrational things. I was talking about the great wall of china. I'm sure a mad king could persuade others to do as he wishes, though. ""If this isn't a common trait of religious people why single them out?"" I think general religious beliefs are itself this kind of thinking.",,
s120,strawman,t3_29kyod,Sbijsoda,"To me it seems as if men have no safe spaces to talk to other men about things. Here are some things that I viewed as traditionally viewed as safe spaces for men: 1) Video games which were dominated by men for a while now have even genders overall, in hard core games where women are a low percentage the gamer community/games themselves are labeled as sexist. See: Female character model controversies, Mirrors Edge 2, Assassins Creed, etc. 2) Jobs dominated by men (engineering, blue collar jobs, etc.) are being encouraged more and more for females to join. At the same time society is essentially calling these jobs/companies sexist because of the low percentages of women which has resulted in lots of companies pushing hard for more women in the work place. 3) Domestic shelters are dominated in numbers by women with few shelters being available for men. 4) Websites on the internet, like reddit, have the communities called sexist all the time and even now we are seeing a constant push towards making reddit more female friendly (see: twoxchromosomes becoming a default subreddit) and pushing aside the male demographic. Anyway, the result of all of this is I think that men essentially have limited/no avenues for places to talk to other men, where as women have a plethora of places that they can go to. Any place that was once traditionally male dominated is being gutted, but females still get to keep their exclusivity. CMV?",,"It seems to me that in all of your examples you're saying that the fact that public spaces are becoming less segregated by gender that there are less ""safe spaces"" for men. That is not the case. There's no reason that video games, historically male-dominated jobs, domestic shelters, or websites like reddit *should* be male-dominated places -- they should be places for equal opportunity for all, and that is what is happening. Men aren't becoming oppressed, they're becoming equal. The reason that there *are* support groups for women, ""safe spaces,"" and whatnot is because historically men and women have not been equal. Historically, men *have* dominated many places and so women had no choice but to set up women-friendly spaces that were predominantly for and by women. As women slowly gain equality to men in every aspect of life, you will likely see these groups fade away, but I don't see it happening for a long while. We've made a great amount of progress in the past 150 years, but we're still far from true equality.",,
s121,strawman,t3_26p8jo,Sharou,"First off your brain isn't fully developed yet. It's usually matured around age 23-24. Before it is, most psychoactive substances (including cannabis) are not good for it as they upset the development. This can lead to a drop in mental capacity compared to what you would have had at 23/24 if you'd never smoked. Once your brain has matured, most studies seem to show that cannabis leaves no permanent impairment whatsoever. That's good news right? Except, if you are smoking every day then you never recover from even the short term effects and they become permanent in practice, until you stop. And even when you stop for daily smokers it often takes many months until you are completely unimpaired again. Last but not least, cannabis is a drug you will enjoy a lot more if you smoke it only occasionally (few times per year). You quickly build tolerance and a drug that used to make you think in new perspectives, engage you intellectually and set loose your creativity now only makes you giggly and content at best, and ""normal"" at worst (meaning when you don't smoke you feel you are functioning less than at normal levels). Smoking cannabis can be a great thing to have in your life. But moderation really is key if you want to get something out of it and avoid the downsides. Also, you have a very long life ahead of you, with lots of time to smoke. You *can* wait 4 years for the sake of your brain. Really. And if staying sober for 4 years seems unbearable to you, then all the more reason to do just that.",,"Where did this ideal brain development notion come from? Does every single person in the world have the same exact brain development at the same exact time in their lives in the same exact way? What type of brain development are we talking about? Is learning *not* brain development? Couldn't everything we interpret with our brains inhibit some type of brain development? Excessive reddit usage certainly isn't training our coordination, or depth perception, etc. These are parts of the brain that could be developed, no? Until I see some type of specification for what aspect of brain development is being inhibited, I will stand by my belief that Reddit inhibits brain development, going by my previous logic. Additionally-- what's so *wrong* about inhibiting your own brain development? OP is asking their view to be changed, and that view is, ""there's nothing *wrong* with *me* smoking marijuana at the end of the day."" You're saying that OP is wrong for affecting their body how they choose. Everybody makes personal mistakes and learns from them, that's not your business to condemn, it's their own. So why is OP wrong, again? EDIT: I apologize for attacking you above. I got mad. I rethunk, and realize that OP was inviting you to condemn his personal habits so that he might change his view. I still don't understand the brain development jive, though.",,
s122,strawman,t3_3gb6h1,skacey,"The number one issue is that man is arrogant enough to believe that we have""figured out"" what will happen with global environment when we don't even understand the impact of local changes. In my lifetime I have seen a new doomsday scenario about every 10 years or so, and each one is wildly different from the last. In the 1970s the gas shortages predicted that we would return to an agri based economy as the engines of man ground to a halt unless we immediately ceased dependence on fossil fuels (which we didn't) In the 1980s, the sulfur emissions in our atmosphere were going to cause acid rain that would eat the flesh off of every living thing unless we stopped emissions (again, not true) Then we had melting polar ice caps which would flood the planet. Coastal cities would be destroyed (maybe? We don't know yet) Then vast deserts with no water (maybe this one?) My point isn't that global warming isn't happening, but more that we have no idea what that means. We don't know how the planet reacts when global temps rise. We don't know how humans and businesses react if resources change or become more scarce. Our very best predictive models of the environment are still myopic and poor predictors of what will happen. But fear sells. It sells air time on TV. It sells grants for research projects. It pays for salaries of more scientists to research and publish more papers. It is a strong incentive to find things to fear as it is very lucrative. Again, I'm not saying that it's not happening. What I am saying is that some of the fear is generated for profit. No one knows the date of their own death and every day you spend counting the days you have left is another day wasted. That is even more true on a planetary scale. Do your best, try to make it better, and wait and see what happens next. In my experience, it's not what we typically predict.",,"That's fair, but if we look at more moderate estimates about peak oil and the caveats that oil prices would be high enough to mine oil from shale and oilsands then they are actually rather accurate. This one I think was driven out of concern for ecosystems primarily. I am not old enough to know what the discussion was all about at the time, but I suspect that there was a bunch of fearmongering and headline hyperbole over something concerning yet not actually a catastrophe. I think we are definitely heading in that direction. And in this direction too. I'm going to disagree with you here. We have come a *long* way since Rachel Carson's Silent Spring days where environmentalists were clamoring to get any environmental impacts recognized and studied. And we have plenty of climate data and modelling, especially from other planets funnily enough. Sure we can't know all of the effects, especially when we are talking about something that affects the entire world, but we have the ability to measure and project the large trends with accuracy that makes it worth listening to (for example, the amount of methane which will be released from the arctic ice caps melting or the amount of greenhouse effect a gas such as carbon dioxide or an organofluorine will have over the course of its existence in the atmosphere). As for the gritty details? Sure, I don't think that any scientist worth their salt would be making grand predictions about all of them, or perhaps any of them at all unless they are a specialist in a very narrow field. At the risk of invoking Pascal's Wager here, I'm going to say that even if we are off by a reasonable margin either way it's still of the utmost importance that we reduce our carbon emissions drastically. If nothing happens due to carbon emissions, which is unlikely, then there are going to be other impacts brought about by the current trend of ever-increasing production and consumption. Weighing the risk of inaction and the consequences that might bring about vs. the risk of action and the consequences that might not have ever happened, then I think it's clear which side to bet on. At the very worst we will end up being far more sustainable than we have been for decades if not centuries. Yes. Yes. I... not so much. Sure, concerns that we are causing irreparable damage to the environment will put *some* more money towards investigaing those issues, but then there is a significant amount of fear that radiation from cell phones and wifi signals will harm humans and it doesn't seem like we are pouring vast amounts of money into that. I think that while sensationalized headlines sell, and some outlandish studies *do* get published and get promoted, science as a discipline is very... risk-averse? self-correcting? Whatever word you want to use, science is very rigorous. It's not as if there would be consensus on the data without a great deal of scrutiny, and even more so given the strength of climate change denialism. Fear sells all kinds of things, but I don't think that science itself is up for sale, broadly speaking. In many ways, environmental studies and protection efforts shoot themselves in the foot by only being concerned with truth rather than the political implications of findings and so too often they find themselves defunded by politicians who are unhappy with the work. If you are saying that the fearmongering on climate change sells second-rate books or newspapers or movies or flight-of-fantasy notions authored by James Lovelock in editorial columns I'd agree with you. But that's not really how things work in the academic world. I agree with the sentiment, but the reason why I concern myself with the impacts of our actions is that I need to know what is important to be able to do my best and for a guide on what to do to make things better. Otherwise without that backing me up I could be doing all the things I thought were right while contributing to the problem. The road to hell is paved with good intentions, and all that.",,
s123,strawman,t3_3c7i98,Madplato,"That's where it *really* breaks down as the active promotion of a shallow double standard. I have no problem with people having a certain perception of sexuality (as long as they're polite about it), but it's a whole different game when they ""stand by"" one standard for themselves and another for everyone else. Don't get me wrong, they're entitled to like whatever they want, but believing promiscuity is bad for everybody but you is simply hypocritical. In short, if you believe promiscuity is bad enough to be a deal breaker, how can't you recognize the very same trait within yourself as equally bad ? From where I'm standing, this position can only be achieved and maintained by promoting a double standard. The very same double standard being instrumental to the definition of slut shaming.",,"I'm confused. Since when are double standards not allowed in attraction? Most variables involved in attraction involve double standards. Think about a male height requirement. You're saying that women can be short, but males can't be short. Yes, it's a double standard...but no one argues that women should be shamed against having a height preference or requirement. So why should men be shamed for having a ""number of sexual partners"" preference that creates a double standard?",,
s124,strawman,t3_2uzgtq,PantsHasPockets,"My reasoning is that it's non-lethal, it would irritate them enough to drive them out, and they're pests not pets, so the whole animal cruelty thing is pretty moot anyway. I'm making the decision because I can hear them digging against the drywall in my ceiling and I'm afraid they might chew wires or something and start a fire. My plan is to locate the hole outside where they got in, spray some pepper spray into the hole, not on them- in the hole, wait until I'm sure they're all gone, and then screw some 1/16"" tin or aluminum sheeting against the hole so they can't get back in. Seems like a solid plan and solid reasoning.",,"So you're saying that only pets can be harmed in a way that qualifies animal cruelty? Animals other than pets can be tortured, killed, etc and it's okay because they're not pets? I disagree. All *animals* qualify for *animal* cruelty. Can you clarify what exactly is the view you'd like changed here? Most of your post is a ""how to remove squirrels from my attic"" guide, the only thing resembling an opinion is what I quoted.",,
s125,strawman,t3_2p82u7,FeloniousMonk94,"Hi, thanks for the post. I'll clear up a few things. I'm speaking of moral character and competence, which are both necessary to be a ""good person"" but insufficient by themselves. That is, without the abilities mentioned in the op (to embrace ethical first principles, to reason from those principles and then to act accordingly), I don't think one can be considered a moral agent. Your definition of the good is not always relevant to that judgment of whether you're a reasoning, relatively consistent agent in the world. Being philosophically consistent is necessary for being actively good in any meaningful sense, imo, but it is in no way sufficient. There *are* other concerns, and personally I think those factors matter. However, I think people of all realist or absolutist persuasions can agree on this assessment of moral character.",,"I'm confused by what moral meaningfulness ""good personhood"" has? On your second point I can see an argument that lack of said first principles et. al. could constitute lack of moral agency. But to some moral frameworks I'd argue that's of limited usefulness. In the most practical sense we don't judge on moral agency we judge on the capability of moral agency whether people exercise it or not. Maybe another angle: what do you propose this realization that most people do not argue from first principals et al. should imply? What *ought* people do differently if this were taken to be truth? I like to think that that's the prime practical goal of moral discussion/philosophy: how *ought* people act both in given situations and in general. By 'good' I assume you're speaking of some person's definition of 'good'? If so I think I agree: that a person reasons and acts consistently (your first principals et. al.) doesn't have much meaning to the goodness/rightness or wrongness/badness of that person? Not sure - I wasn't 100% clear on your sentence here. Hmm. You've specifically addressed following culture/society moral norms but it seems to me that exactly is moral relativism: culture/society defines the moral norms and thus are the arbiter of good and bad. By following those one is acting morally according to the prescripts of that society's moral framework. E.g. following a society's laws (which, IMO, are codified and accepted moral codes) *is* moral by that moral framework. What are you saying is the difference between someone who saves a busload of children in a runaway bus because they're following what society considers 'good' and a person who does so because they believe it is 'good' (from first principals et. al.)? Assuming the same results and outcomes the act is 'good' (from the moral perspective that saving children in danger is 'good'). I might be able to see a point if the act of saving those children was happenstance somehow. Then, sure, it's circumstantial the children were saved morally neutral I suppose by the actor who did the 'saving'. I guess at the end of it what I'm asking is: what is the difference between performing a moral action in the mere name of moral judgements and reasoned-from-first-principals moral judgements? What meaningfulness does that hold and, perhaps more importantly, *why* does that matter?",,
